,Date,High,Low,Open,Close,Volume,Adj Close,daily_return
0,2020-01-02,49.25,46.630001068115234,46.86000061035156,49.09999847412109,80331100,49.09999847412109,
1,2020-01-03,49.38999938964844,47.540000915527344,48.02999877929688,48.59999847412109,73127400,48.59999847412109,-0.010183299705468052
2,2020-01-06,48.86000061035156,47.86000061035156,48.02000045776367,48.38999938964844,47934900,48.38999938964844,-0.004320968951973758
3,2020-01-07,49.38999938964844,48.040000915527344,49.34999847412109,48.25,58061400,48.25,-0.0028931471670650133
4,2020-01-08,48.29999923706055,47.13999938964844,47.84999847412109,47.83000183105469,53767000,47.83000183105469,-0.008704625263115329
5,2020-01-09,49.959999084472656,48.38999938964844,48.93999862670898,48.970001220703125,76512800,48.970001220703125,0.023834399874688383
6,2020-01-10,49.290000915527344,48.0,49.2599983215332,48.16999816894531,44133700,48.16999816894531,-0.01633659448265634
7,2020-01-13,48.86000061035156,48.2400016784668,48.65999984741211,48.75,34266800,48.75,0.012040727695701081
8,2020-01-14,49.040000915527344,47.90999984741211,48.63999938964844,48.209999084472656,38563200,48.209999084472656,-0.011076941856971168
9,2020-01-15,49.08000183105469,48.119998931884766,48.22999954223633,48.54999923706055,40199900,48.54999923706055,0.007052482037847474
10,2020-01-16,50.310001373291016,48.9900016784668,49.16999816894531,49.77000045776367,58898900,49.77000045776367,0.02512875880277754
11,2020-01-17,51.04999923706055,49.900001525878906,50.20000076293945,50.93000030517578,57722500,50.93000030517578,0.02330720990040014
12,2020-01-21,51.810001373291016,50.70000076293945,50.959999084472656,51.04999923706055,49095000,51.04999923706055,0.0023561541560126464
13,2020-01-22,51.880001068115234,51.20000076293945,51.630001068115234,51.43000030517578,40772200,51.43000030517578,0.00744370369822378
14,2020-01-23,51.75,50.7400016784668,51.34000015258789,51.709999084472656,40135400,51.709999084472656,0.005444269446537309
15,2020-01-24,52.810001373291016,49.470001220703125,52.27999877929688,50.34999847412109,80004900,50.34999847412109,-0.026300534411727527
16,2020-01-27,49.790000915527344,47.900001525878906,48.45000076293945,49.2599983215332,48878600,49.2599983215332,-0.021648464461188066
17,2020-01-28,50.84999847412109,49.47999954223633,50.02999877929688,50.52999877929688,62343800,50.52999877929688,0.025781577365757258
18,2020-01-29,48.06999969482422,46.09999847412109,47.84000015258789,47.5099983215332,112349900,47.5099983215332,-0.05976648586425515
19,2020-01-30,48.810001373291016,46.130001068115234,46.4900016784668,48.77999877929688,70460200,48.77999877929688,0.02673122506064307
20,2020-01-31,48.58000183105469,46.790000915527344,48.400001525878906,47.0,60322400,47.0,-0.036490340792143416
21,2020-02-03,48.09999847412109,46.22999954223633,46.400001525878906,48.02000045776367,46983500,48.02000045776367,0.021702137399226995
22,2020-02-04,49.75,48.61000061035156,49.209999084472656,49.45000076293945,46302100,49.45000076293945,0.029779264713534204
23,2020-02-05,50.41999816894531,49.310001373291016,50.290000915527344,49.84000015258789,42737100,49.84000015258789,0.007886741832787258
24,2020-02-06,49.38999938964844,47.630001068115234,48.79999923706055,49.31999969482422,48670600,49.31999969482422,-0.010433395990603223
25,2020-02-07,50.66999816894531,48.63999938964844,48.90999984741211,49.72999954223633,53107600,49.72999954223633,0.008313054540735054
26,2020-02-10,52.29999923706055,49.34999847412109,49.470001220703125,52.2599983215332,60971700,52.2599983215332,0.05087469942862377
27,2020-02-11,54.47999954223633,52.90999984741211,53.220001220703125,53.79999923706055,74719100,53.79999923706055,0.02946806285856307
28,2020-02-12,54.84999847412109,53.52999877929688,54.52999877929688,53.88999938964844,45994900,53.88999938964844,0.0016728653134607807
29,2020-02-13,55.02999877929688,53.34000015258789,53.43000030517578,54.52999877929688,51640000,54.52999877929688,0.011876032601540132
30,2020-02-14,55.400001525878906,54.560001373291016,55.18999862670898,55.310001373291016,52365400,55.310001373291016,0.014304100705211598
31,2020-02-18,58.130001068115234,54.84000015258789,54.93999862670898,56.88999938964844,70133200,56.88999938964844,0.028566226308582188
32,2020-02-19,59.27000045776367,57.5099983215332,57.9900016784668,58.900001525878906,58597300,58.900001525878906,0.03533137911399242
33,2020-02-20,59.02000045776367,56.150001525878906,58.43999862670898,57.27000045776367,74203400,57.27000045776367,-0.027674041186553477
34,2020-02-21,56.79999923706055,52.88999938964844,56.709999084472656,53.27999877929688,88271100,53.27999877929688,-0.06967001303604659
35,2020-02-24,50.27999877929688,47.4900016784668,48.18000030517578,49.119998931884766,86624100,49.119998931884766,-0.07807807700304559
36,2020-02-25,51.2400016784668,47.119998931884766,51.13999938964844,47.56999969482422,88699400,47.56999969482422,-0.03155535974685075
37,2020-02-26,49.290000915527344,47.06999969482422,47.70000076293945,47.4900016784668,86378400,47.4900016784668,-0.001681690495493604
38,2020-02-27,46.2400016784668,42.209999084472656,45.380001068115234,44.0099983215332,106416200,44.0099983215332,-0.07327865306249337
39,2020-02-28,46.150001525878906,41.040000915527344,41.36000061035156,45.47999954223633,100331800,45.47999954223633,0.03340152866999513
40,2020-03-02,47.68000030517578,44.65999984741211,47.41999816894531,47.459999084472656,102324700,47.459999084472656,0.04353561042579912
41,2020-03-03,50.20000076293945,45.66999816894531,49.02999877929688,46.75,141972300,46.75,-0.014959947285480335
42,2020-03-04,50.13999938964844,47.209999084472656,48.25,50.11000061035156,93311800,50.11000061035156,0.07187167080965917
43,2020-03-05,49.720001220703125,47.5099983215332,48.68000030517578,48.11000061035156,98302700,48.11000061035156,-0.03991219268887514
44,2020-03-06,49.540000915527344,46.7400016784668,49.43999862670898,48.59000015258789,124590900,48.59000015258789,0.009977126089103505
45,2020-03-09,46.34000015258789,42.5099983215332,43.02999877929688,43.27000045776367,80859800,43.27000045776367,-0.10948754225391533
46,2020-03-10,45.43999862670898,43.09999847412109,45.40999984741211,45.380001068115234,76228200,45.380001068115234,0.04876359112616968
47,2020-03-11,45.970001220703125,43.79999923706055,44.18999862670898,45.70000076293945,101601100,45.70000076293945,0.007051557675018527
48,2020-03-12,42.5,39.0,42.0,39.0099983215332,107461500,39.0099983215332,-0.14638954769627766
49,2020-03-13,43.90999984741211,39.59999847412109,42.20000076293945,43.900001525878906,86689700,43.900001525878906,0.12535256125982608
50,2020-03-16,43.369998931884766,38.5099983215332,39.08000183105469,38.709999084472656,84545900,38.709999084472656,-0.11822328612783217
51,2020-03-17,42.880001068115234,38.29999923706055,40.18999862670898,41.880001068115234,92741900,41.880001068115234,0.08189103742226966
52,2020-03-18,41.95000076293945,36.75,39.540000915527344,39.119998931884766,106949300,39.119998931884766,-0.06590262812413727
53,2020-03-19,41.70000076293945,37.68999862670898,39.560001373291016,39.81999969482422,88939000,39.81999969482422,0.017893680522800715
54,2020-03-20,42.47999954223633,39.58000183105469,41.5099983215332,39.61000061035156,106859500,39.61000061035156,-0.005273708841839864
55,2020-03-23,42.31999969482422,38.95000076293945,40.619998931884766,41.63999938964844,101704700,41.63999938964844,0.05124965281536409
56,2020-03-24,46.810001373291016,43.9900016784668,44.040000915527344,46.220001220703125,106794200,46.220001220703125,0.10999043943774067
57,2020-03-25,47.880001068115234,44.43000030517578,46.790000915527344,44.630001068115234,93760400,44.630001068115234,-0.034400694733770165
58,2020-03-26,47.5,45.400001525878906,45.77999877929688,47.5,73680200,47.5,0.06430649480613981
59,2020-03-27,47.97999954223633,45.900001525878906,46.31999969482422,46.58000183105469,74599200,46.58000183105469,-0.01936838250411188
60,2020-03-30,48.459999084472656,46.65999984741211,47.2400016784668,47.86000061035156,68486600,47.86000061035156,0.027479577693865664
61,2020-03-31,48.52999877929688,45.15999984741211,47.93000030517578,45.47999954223633,83483700,45.47999954223633,-0.04972839610872193
62,2020-04-01,46.84999847412109,43.15999984741211,44.18000030517578,43.65999984741211,92083100,43.65999984741211,-0.04001758384219034
63,2020-04-02,45.27999877929688,43.09999847412109,43.400001525878906,44.4900016784668,79024100,44.4900016784668,0.019010577965081765
64,2020-04-03,44.84000015258789,41.70000076293945,44.29999923706055,42.59000015258789,79335000,42.59000015258789,-0.04270625880417778
65,2020-04-06,47.58000183105469,44.060001373291016,44.29999923706055,47.52000045776367,82294000,47.52000045776367,0.11575487878640489
66,2020-04-07,49.650001525878906,46.68000030517578,48.959999084472656,47.560001373291016,102098700,47.560001373291016,0.000841770099789807
67,2020-04-08,49.0,47.61000061035156,48.06999969482422,48.790000915527344,64930800,48.790000915527344,0.025862058593780324
68,2020-04-09,50.25,47.720001220703125,49.650001525878906,48.380001068115234,80270100,48.380001068115234,-0.008403358059409838
69,2020-04-13,51.06999969482422,48.22999954223633,48.470001220703125,50.93999862670898,64290100,50.93999862670898,0.05291437581800529
70,2020-04-14,55.13999938964844,52.11000061035156,52.2400016784668,54.93000030517578,85306800,54.93000030517578,0.07832747911333393
71,2020-04-15,55.56999969482422,53.40999984741211,53.72999954223633,54.9900016784668,83814000,54.9900016784668,0.0010923242846834214
72,2020-04-16,58.08000183105469,55.630001068115234,55.959999084472656,56.95000076293945,103106500,56.95000076293945,0.035642826416573126
73,2020-04-17,57.7599983215332,55.54999923706055,57.34999847412109,56.59999847412109,76908800,56.59999847412109,-0.006145781986470755
74,2020-04-20,58.630001068115234,55.84999847412109,55.97999954223633,56.970001220703125,72367300,56.970001220703125,0.006537151175917577
75,2020-04-21,57.72999954223633,51.40999984741211,56.900001525878906,52.91999816894531,123906400,52.91999816894531,-0.071090099437913
76,2020-04-22,56.150001525878906,54.34000015258789,54.90999984741211,55.91999816894531,63041600,55.91999816894531,0.056689344365103755
77,2020-04-23,57.290000915527344,55.63999938964844,56.650001525878906,55.900001525878906,69662700,55.900001525878906,-0.0003575937718379718
78,2020-04-24,56.77999877929688,54.41999816894531,55.09999847412109,56.18000030517578,72761000,56.18000030517578,0.005008922569836649
79,2020-04-27,58.0,56.25,57.43999862670898,56.4900016784668,62568100,56.4900016784668,0.005518002342596251
80,2020-04-28,57.34999847412109,55.29999923706055,57.15999984741211,55.5099983215332,80501800,55.5099983215332,-0.01734826213161822
81,2020-04-29,54.86000061035156,52.7400016784668,54.52999877929688,53.65999984741211,110800900,53.65999984741211,-0.03332730192865907
82,2020-04-30,54.290000915527344,52.02999877929688,53.43000030517578,52.38999938964844,65543900,52.38999938964844,-0.0236675449380368
83,2020-05-01,51.95000076293945,49.09000015258789,51.06999969482422,49.880001068115234,69562700,49.880001068115234,-0.04790987499093469
84,2020-05-04,52.61000061035156,49.72999954223633,49.81999969482422,52.560001373291016,62590600,52.560001373291016,0.05372895444641279
85,2020-05-05,53.5099983215332,51.290000915527344,53.43000030517578,52.18999862670898,56560500,52.18999862670898,-0.007039625892590995
86,2020-05-06,53.310001373291016,51.880001068115234,52.41999816894531,52.15999984741211,48138100,52.15999984741211,-0.0005747993885080183
87,2020-05-07,52.970001220703125,51.619998931884766,52.93000030517578,51.95000076293945,48956600,51.95000076293945,-0.004026056079121654
88,2020-05-08,53.27000045776367,51.810001373291016,52.150001525878906,53.18999862670898,40686100,53.18999862670898,0.023869063437129467
89,2020-05-11,55.88999938964844,52.75,52.900001525878906,55.7400016784668,68746400,55.7400016784668,0.04794140097001898
90,2020-05-12,56.58000183105469,53.75,56.209999084472656,53.7599983215332,55631100,53.7599983215332,-0.03552212589362913
91,2020-05-13,55.220001220703125,51.29999923706055,54.040000915527344,52.18000030517578,76824700,52.18000030517578,-0.029389844971862034
92,2020-05-14,54.540000915527344,51.61000061035156,52.09999847412109,54.5099983215332,73814000,54.5099983215332,0.0446530855256877
93,2020-05-15,54.43999862670898,52.86000061035156,53.31999969482422,54.20000076293945,66950900,54.20000076293945,-0.005686985289656277
94,2020-05-18,55.25,54.2400016784668,54.97999954223633,54.59000015258789,48569200,54.59000015258789,0.00719556059333315
95,2020-05-19,56.72999954223633,54.36000061035156,54.38999938964844,55.470001220703125,60388500,55.470001220703125,0.01612018805010962
96,2020-05-20,56.97999954223633,55.630001068115234,56.54999923706055,56.38999938964844,50888200,56.38999938964844,0.016585508359461487
97,2020-05-21,56.720001220703125,54.61000061035156,56.68000030517578,54.650001525878906,48496100,54.650001525878906,-0.030856497297443553
98,2020-05-22,55.369998931884766,53.77999877929688,54.77000045776367,55.16999816894531,43524100,55.16999816894531,0.009515034374155906
99,2020-05-26,56.08000183105469,53.02000045776367,56.0099983215332,53.18999862670898,51618900,53.18999862670898,-0.035889063040623004
100,2020-05-27,53.27999877929688,49.09000015258789,53.27000045776367,52.7400016784668,102414500,52.7400016784668,-0.008460179730409245
101,2020-05-28,53.540000915527344,51.25,52.25,51.7400016784668,53670200,51.7400016784668,-0.018960939859209214
102,2020-05-29,53.79999923706055,51.84999847412109,52.06999969482422,53.79999923706055,64666700,53.79999923706055,0.039814408422237824
103,2020-06-01,54.11000061035156,52.88999938964844,53.310001373291016,53.630001068115234,36864400,53.630001068115234,-0.0031598173114509853
104,2020-06-02,53.56999969482422,52.0099983215332,53.45000076293945,53.540000915527344,42855200,53.540000915527344,-0.0016781680178149516
105,2020-06-03,53.650001525878906,52.33000183105469,53.59999847412109,52.72999954223633,46765300,52.72999954223633,-0.01512890099813402
106,2020-06-04,53.7400016784668,52.20000076293945,52.59000015258789,52.630001068115234,44869100,52.630001068115234,-0.0018964247105861531
107,2020-06-05,53.56999969482422,52.08000183105469,52.9900016784668,53.09999847412109,53908300,53.09999847412109,0.008930218439432869
108,2020-06-08,53.34999847412109,52.2599983215332,53.29999923706055,52.970001220703125,39681700,52.970001220703125,-0.0024481592684285625
109,2020-06-09,56.459999084472656,52.720001220703125,52.95000076293945,56.38999938964844,79919100,56.38999938964844,0.0645648119715092
110,2020-06-10,59.0,57.02999877929688,57.20000076293945,57.43999862670898,78719400,57.43999862670898,0.018620309424108417
111,2020-06-11,56.68000030517578,52.79999923706055,55.93999862670898,52.83000183105469,78715400,52.83000183105469,-0.08025760629998846
112,2020-06-12,55.59999847412109,52.11000061035156,55.0099983215332,53.5,71189100,53.5,0.012682153051743361
113,2020-06-15,54.72999954223633,52.40999984741211,52.58000183105469,54.68000030517578,56740700,54.68000030517578,0.02205608047057539
114,2020-06-16,56.06999969482422,53.59000015258789,55.720001220703125,54.459999084472656,50949700,54.459999084472656,-0.004023431226687468
115,2020-06-17,55.81999969482422,54.29999923706055,54.790000915527344,54.54999923706055,45146500,54.54999923706055,0.0016525918858039113
116,2020-06-18,55.119998931884766,53.650001525878906,54.619998931884766,54.040000915527344,40354700,54.040000915527344,-0.00934919025968961
117,2020-06-19,55.459999084472656,53.81999969482422,54.40999984741211,54.22999954223633,52801500,54.22999954223633,0.003515888665619693
118,2020-06-22,55.16999816894531,53.7400016784668,54.66999816894531,54.7599983215332,44704800,54.7599983215332,0.009773165844932263
119,2020-06-23,55.369998931884766,53.869998931884766,55.04999923706055,53.9900016784668,48089000,53.9900016784668,-0.014061297784291993
120,2020-06-24,54.7400016784668,51.91999816894531,53.93999862670898,52.38999938964844,53535500,52.38999938964844,-0.02963515908643688
121,2020-06-25,52.70000076293945,50.540000915527344,52.560001373291016,51.93000030517578,51129600,51.93000030517578,-0.00878028421133259
122,2020-06-26,51.95000076293945,49.45000076293945,51.84999847412109,50.09999847412109,65485700,50.09999847412109,-0.03523978086463253
123,2020-06-29,50.27999877929688,48.41999816894531,50.150001525878906,50.27999877929688,49905800,50.27999877929688,0.0035928205720161532
124,2020-06-30,52.77000045776367,50.81999969482422,51.15999984741211,52.61000061035156,42275700,52.61000061035156,0.04634053078008571
125,2020-07-01,52.869998931884766,51.59999847412109,52.630001068115234,52.58000183105469,32370900,52.58000183105469,-0.0005702105863685247
126,2020-07-02,53.18999862670898,52.04999923706055,53.02999877929688,52.34000015258789,29081400,52.34000015258789,-0.004564504946917847
127,2020-07-06,53.52000045776367,52.33000183105469,52.900001525878906,53.400001525878906,36769400,53.400001525878906,0.020252223351180154
128,2020-07-07,54.16999816894531,52.86000061035156,53.27999877929688,52.93000030517578,32153100,52.93000030517578,-0.008801520735450707
129,2020-07-08,53.470001220703125,52.06999969482422,53.0099983215332,53.43000030517578,35608300,53.43000030517578,0.009446438638148091
130,2020-07-09,57.58000183105469,53.310001373291016,53.52000045776367,57.2599983215332,87216300,57.2599983215332,0.07168253779677425
131,2020-07-10,58.150001525878906,55.5099983215332,57.540000915527344,55.880001068115234,59839700,55.880001068115234,-0.02410054652235305
132,2020-07-13,58.34999847412109,53.380001068115234,56.68000030517578,53.59000015258789,57741800,53.59000015258789,-0.04098068847092429
133,2020-07-14,54.86000061035156,52.2599983215332,53.29999923706055,54.720001220703125,54890100,54.720001220703125,0.021086043383051978
134,2020-07-15,55.369998931884766,53.59000015258789,54.959999084472656,55.34000015258789,42360300,55.34000015258789,0.011330389584315093
135,2020-07-16,55.150001525878906,53.7400016784668,54.68000030517578,54.91999816894531,36887100,54.91999816894531,-0.007589482878288978
136,2020-07-17,55.810001373291016,54.68000030517578,55.310001373291016,55.040000915527344,34710400,55.040000915527344,0.0021850464417876303
137,2020-07-20,57.52999877929688,54.83000183105469,55.22999954223633,57.459999084472656,45034300,57.459999084472656,0.04396798925674816
138,2020-07-21,58.5,56.31999969482422,57.810001373291016,57.0,44741000,57.0,-0.008005553285798106
139,2020-07-22,62.0,56.970001220703125,57.06999969482422,61.790000915527344,135159400,61.790000915527344,0.08403510378118151
140,2020-07-23,62.33000183105469,58.630001068115234,61.630001068115234,59.56999969482422,106829100,59.56999969482422,-0.0359281629359105
141,2020-07-24,69.94000244140625,64.05000305175781,64.18000030517578,69.4000015258789,205314500,69.4000015258789,0.1650159792078827
142,2020-07-27,71.62999725341797,67.79000091552734,69.27999877929688,68.97000122070312,107918100,68.97000122070312,-0.006195969678983837
143,2020-07-28,69.80000305175781,67.0199966430664,68.0999984741211,67.61000061035156,94181400,67.61000061035156,-0.019718726783831353
144,2020-07-29,77.19000244140625,73.9000015258789,75.5,76.08999633789062,132969700,76.08999633789062,0.12542516862868824
145,2020-07-30,78.95999908447266,75.06999969482422,75.37000274658203,78.19999694824219,80286900,78.19999694824219,0.027730328714720143
146,2020-07-31,78.95999908447266,75.36000061035156,78.66999816894531,77.43000030517578,71621600,77.43000030517578,-0.00984650477129867
147,2020-08-03,78.5,77.05999755859375,78.19000244140625,77.66999816894531,42628800,77.66999816894531,0.0030995462072016533
148,2020-08-04,85.80999755859375,77.98999786376953,78.02999877929688,85.04000091552734,155676100,85.04000091552734,0.09488866898839166
149,2020-08-05,86.31999969482422,83.31999969482422,84.95999908447266,85.30999755859375,65642600,85.30999755859375,0.003174936972714759
150,2020-08-06,86.9800033569336,84.77999877929688,85.48999786376953,86.70999908447266,53961700,86.70999908447266,0.016410755666911525
151,2020-08-07,87.29000091552734,82.66999816894531,86.66999816894531,84.8499984741211,66543200,84.8499984741211,-0.021450820320497943
152,2020-08-10,85.16000366210938,79.31999969482422,85.05000305175781,82.23999786376953,70536100,82.23999786376953,-0.030760172743522274
153,2020-08-11,80.70999908447266,76.0999984741211,80.70999908447266,76.87999725341797,77877700,76.87999725341797,-0.06517510639081481
154,2020-08-12,82.87999725341797,77.55000305175781,78.43000030517578,82.61000061035156,88513700,82.61000061035156,0.07453178410043249
155,2020-08-13,84.0199966430664,81.54000091552734,82.87999725341797,81.83999633789062,57407400,81.83999633789062,-0.009320957108968408
156,2020-08-14,83.23999786376953,80.87999725341797,81.80999755859375,81.30000305175781,42389500,81.30000305175781,-0.006598158727956882
157,2020-08-17,83.05999755859375,81.55000305175781,82.08999633789062,82.41999816894531,31450200,82.41999816894531,0.01377607718507079
158,2020-08-18,82.87999725341797,81.02999877929688,82.80000305175781,81.66000366210938,30970500,81.66000366210938,-0.009220996405242543
159,2020-08-19,81.8499984741211,80.44999694824219,81.77999877929688,81.08999633789062,37507400,81.08999633789062,-0.006980251024446549
160,2020-08-20,82.83999633789062,79.12000274658203,79.73999786376953,82.7699966430664,42948900,82.7699966430664,0.02071772574973929
161,2020-08-21,84.41000366210938,82.2300033569336,83.29000091552734,83.80999755859375,48280300,83.80999755859375,0.012564950558258348
162,2020-08-24,85.33000183105469,82.55000305175781,84.55000305175781,83.08000183105469,38036100,83.08000183105469,-0.00871012705887153
163,2020-08-25,86.62000274658203,82.3499984741211,83.36000061035156,86.3499984741211,49234400,86.3499984741211,0.039359612072662475
164,2020-08-26,87.72000122070312,85.19999694824219,86.97000122070312,86.0199966430664,47157300,86.0199966430664,-0.0038216773235217882
165,2020-08-27,86.58000183105469,82.94000244140625,86.3499984741211,83.80000305175781,42194200,83.80000305175781,-0.02580787814396568
166,2020-08-28,86.04000091552734,84.19000244140625,84.30000305175781,85.55000305175781,40723300,85.55000305175781,0.0208830541320999
167,2020-08-31,92.63999938964844,85.05000305175781,85.05000305175781,90.81999969482422,90655900,90.81999969482422,0.06160136125159532
168,2020-09-01,92.51000213623048,90.19000244140624,91.91999816894533,92.18000030517578,55825600,92.18000030517578,0.014974681952449664
169,2020-09-02,94.27999877929688,88.73999786376953,94.01000213623048,90.22000122070312,50366900,90.22000122070312,-0.0212627367973941
170,2020-09-03,88.47000122070312,81.58999633789062,87.83999633789062,82.54000091552734,87462700,82.54000091552734,-0.0851252516211829
171,2020-09-04,84.38999938964844,76.33000183105469,81.44999694824219,82.01000213623047,82267800,82.01000213623047,-0.00642111428904979
172,2020-09-08,81.87999725341797,78.0,78.05000305175781,78.69000244140625,54955700,78.69000244140625,-0.040482863167217276
173,2020-09-09,82.44000244140625,79.27999877929688,81.4000015258789,81.91000366210938,54163900,81.91000366210938,0.04092008032533467
174,2020-09-10,83.30999755859375,78.37999725341797,83.06999969482422,78.9800033569336,51499400,78.9800033569336,-0.035770970262221646
175,2020-09-11,79.98999786376953,75.04000091552734,79.81999969482422,76.33999633789062,54763000,76.33999633789062,-0.033426271294418775
176,2020-09-14,78.81999969482422,76.26000213623047,76.80000305175781,77.9000015258789,47448700,77.9000015258789,0.02043496545485146
177,2020-09-15,80.33000183105469,75.97000122070312,77.66000366210938,78.93000030517578,57874400,78.93000030517578,0.013222063660097705
178,2020-09-16,79.72000122070312,76.54000091552734,79.3499984741211,76.66000366210938,38393500,76.66000366210938,-0.028759617816922156
179,2020-09-17,76.62999725341797,74.19999694824219,74.87999725341797,76.55000305175781,55619100,76.55000305175781,-0.0014349152765033013
180,2020-09-18,77.4000015258789,73.8499984741211,77.0,74.93000030517578,51082900,74.93000030517578,-0.021162673834078105
181,2020-09-21,77.9800033569336,73.87999725341797,74.2300033569336,77.94000244140625,61312000,77.94000244140625,0.040170854450437776
182,2020-09-22,78.79000091552734,75.2699966430664,78.36000061035156,77.69999694824219,56044700,77.69999694824219,-0.003079362145831266
183,2020-09-23,77.91000366210938,74.33999633789062,77.38999938964844,74.7300033569336,42327500,74.7300033569336,-0.038223857245283765
184,2020-09-24,77.25,73.9000015258789,74.54000091552734,75.81999969482422,57540900,75.81999969482422,0.014585792706103051
185,2020-09-25,78.19999694824219,74.66999816894531,76.3499984741211,78.05999755859375,48206200,78.05999755859375,0.029543627971320596
186,2020-09-28,79.56999969482422,77.5199966430664,79.12000274658203,79.4800033569336,48005500,79.4800033569336,0.018191209873840375
187,2020-09-29,82.55000305175781,79.30000305175781,79.30000305175781,81.7699966430664,61568900,81.7699966430664,0.028812194129494095
188,2020-09-30,82.94000244140625,80.66000366210938,81.75,81.98999786376953,51533700,81.98999786376953,0.0026904883176581684
189,2020-10-01,85.25,82.86000061035156,83.05999755859375,84.86000061035156,52177100,84.86000061035156,0.03500430322428705
190,2020-10-02,84.6500015258789,81.66000366210938,82.58000183105469,81.80000305175781,52855100,81.80000305175781,-0.03605936291049805
191,2020-10-05,86.27999877929688,82.55000305175781,82.55000305175781,86.1500015258789,47056500,86.1500015258789,0.05317846346984467
192,2020-10-06,87.25,83.54000091552734,86.20999908447266,84.4800033569336,52725400,84.4800033569336,-0.019384772366413228
193,2020-10-07,87.79000091552734,85.6500015258789,86.0999984741211,86.69000244140625,43045700,86.69000244140625,0.02616002600207379
194,2020-10-08,88.72000122070312,85.94999694824219,88.11000061035156,86.51000213623047,54240700,86.51000213623047,-0.0020763675176667107
195,2020-10-09,85.75,82.3499984741211,84.73999786376953,83.0999984741211,80354400,83.0999984741211,-0.039417449750371314
196,2020-10-12,85.12999725341797,83.12000274658203,83.6500015258789,84.29000091552734,47669700,84.29000091552734,0.014320125911637005
197,2020-10-13,86.08999633789062,83.97000122070312,84.86000061035156,85.27999877929688,42764100,85.27999877929688,0.011745140028669221
198,2020-10-14,85.95999908447266,83.45999908447266,85.86000061035156,84.20999908447266,40403000,84.20999908447266,-0.012546900916278858
199,2020-10-15,84.72000122070312,82.41999816894531,83.4000015258789,83.12999725341797,33696400,83.12999725341797,-0.012825102040095238
200,2020-10-16,83.98999786376953,82.41000366210938,83.54000091552734,83.16999816894531,31474300,83.16999816894531,0.0004811850938164497
201,2020-10-19,84.6500015258789,81.52999877929688,83.62000274658203,82.0,36689100,82.0,-0.014067550735887502
202,2020-10-20,82.69000244140625,80.58000183105469,82.16000366210938,81.55999755859375,38219400,81.55999755859375,-0.005365883431783569
203,2020-10-21,81.93000030517578,79.19000244140625,81.72000122070312,79.19999694824219,36426400,79.19999694824219,-0.02893576116963603
204,2020-10-22,80.81999969482422,78.41999816894531,79.6500015258789,79.41999816894531,38006800,79.41999816894531,0.0027777932977308684
205,2020-10-23,81.98999786376953,79.33000183105469,80.93000030517578,81.95999908447266,46557700,81.95999908447266,0.03198188081198583
206,2020-10-26,84.97000122070312,80.86000061035156,82.55000305175781,82.2300033569336,69423700,82.2300033569336,0.0032943420629210074
207,2020-10-27,82.37000274658203,77.56999969482422,82.0,78.87999725341797,156669500,78.87999725341797,-0.04073946207899737
208,2020-10-28,78.95999908447266,75.76000213623047,78.7300033569336,76.4000015258789,76529900,76.4000015258789,-0.031440109202483524
209,2020-10-29,79.18000030517578,76.29000091552734,76.75,78.0199966430664,52784100,78.0199966430664,0.02120412414702333
210,2020-10-30,77.69999694824219,74.2300033569336,77.08999633789062,75.29000091552734,51349000,75.29000091552734,-0.034990974685996434
211,2020-11-02,76.33999633789062,73.76000213623047,75.8499984741211,74.69999694824219,45760700,74.69999694824219,-0.007836418649365129
212,2020-11-03,77.08000183105469,74.5999984741211,74.93000030517578,76.58000183105469,41231800,76.58000183105469,0.02516740240451565
213,2020-11-04,81.8499984741211,78.97000122070312,80.25,81.3499984741211,66579700,81.3499984741211,0.062287758279108374
214,2020-11-05,83.5,81.8499984741211,83.2699966430664,83.0,46542300,83.0,0.02028274808639119
215,2020-11-06,86.08999633789062,82.66999816894531,83.5199966430664,85.87999725341797,53829900,85.87999725341797,0.03469876208937306
216,2020-11-09,87.05000305175781,82.7699966430664,84.23999786376953,83.12000274658203,58580700,83.12000274658203,-0.03213780385543841
217,2020-11-10,82.12999725341797,77.62999725341797,81.93000030517578,77.98999786376953,67137200,77.98999786376953,-0.06171805477982195
218,2020-11-11,81.47000122070312,78.97000122070312,79.38999938964844,81.27999877929688,44611300,81.27999877929688,0.042184908393948284
219,2020-11-12,83.0,80.30000305175781,81.31999969482422,81.83999633789062,37242600,81.83999633789062,0.006889733846014545
220,2020-11-13,83.11000061035156,80.69999694824219,82.7300033569336,81.43000030517578,30423200,81.43000030517578,-0.0050097269191228255
221,2020-11-16,83.77999877929688,80.4800033569336,81.20999908447266,83.7300033569336,38640800,83.7300033569336,0.028245155877908434
222,2020-11-17,84.80999755859375,82.91000366210938,83.93000030517578,83.36000061035156,29473500,83.36000061035156,-0.004418998348832526
223,2020-11-18,83.95999908447266,82.22000122070312,83.01000213623047,82.54000091552734,29968000,82.54000091552734,-0.009836848474331639
224,2020-11-19,85.63999938964844,81.72000122070312,82.38999938964844,85.54000091552734,50116800,85.54000091552734,0.036346013650644826
225,2020-11-20,86.0999984741211,84.47000122070312,85.27999877929688,84.63999938964844,35008400,84.63999938964844,-0.010521411225698718
226,2020-11-23,87.54000091552734,84.62000274658203,85.5199966430664,85.30999755859375,46505000,85.30999755859375,0.007915857440651708
227,2020-11-24,86.11000061035156,83.31999969482422,85.72000122070312,85.06999969482422,36839200,85.06999969482422,-0.0028132442930230983
228,2020-11-25,87.83999633789062,85.5199966430664,85.76000213623047,86.70999908447266,41349700,86.70999908447266,0.019278234342678724
229,2020-11-27,88.0,86.36000061035156,87.98999786376953,87.19000244140625,22717600,87.19000244140625,0.005535732464556631
230,2020-11-30,92.73999786376952,86.52999877929688,87.33000183105469,92.66000366210938,84483000,92.66000366210938,0.06273656460073052
231,2020-12-01,93.9000015258789,90.77999877929688,92.25,92.62999725341795,58583600,92.62999725341795,-0.0003238334503076201
232,2020-12-02,96.37000274658205,92.52999877929688,92.88999938964844,93.73999786376952,57988800,93.73999786376952,0.01198316574829228
233,2020-12-03,94.6999969482422,92.01000213623048,94.05999755859376,92.30999755859376,35859700,92.30999755859376,-0.01525496413232208
234,2020-12-04,94.58000183105467,90.62999725341795,92.58000183105467,94.04000091552734,45570300,94.04000091552734,0.018741234998250977
235,2020-12-07,95.0,92.97000122070312,94.9499969482422,94.06999969482422,39815700,94.06999969482422,0.0003190002020929672
236,2020-12-08,94.73999786376952,91.9000015258789,94.0500030517578,92.91999816894533,33907500,92.91999816894533,-0.012224955135639926
237,2020-12-09,94.6999969482422,89.16000366210938,92.76000213623048,89.83000183105469,52170400,89.83000183105469,-0.0332543736416403
238,2020-12-10,92.08999633789062,89.02999877929688,89.55000305175781,91.66000366210938,33804400,91.66000366210938,0.020371833393662886
239,2020-12-11,92.33000183105467,90.16000366210938,91.54000091552734,91.6500015258789,28368100,91.6500015258789,-0.0001091221452198532
240,2020-12-14,95.41000366210938,91.8499984741211,92.20999908447266,94.77999877929688,48026400,94.77999877929688,0.03415163340214633
241,2020-12-15,97.9800033569336,95.4499969482422,95.93000030517578,97.12000274658205,57232700,97.12000274658205,0.024688795077261627
242,2020-12-16,97.2699966430664,95.45999908447266,97.04000091552734,96.8499984741211,34909000,96.8499984741211,-0.002780109810802678
243,2020-12-17,97.91999816894533,96.25,97.5500030517578,96.83999633789062,32023700,96.83999633789062,-0.00010327451097624785
244,2020-12-18,97.68000030517578,93.55999755859376,97.2699966430664,95.91999816894533,51823100,95.91999816894533,-0.00950018797744756
245,2020-12-21,95.27999877929688,91.08000183105467,94.25,93.2300033569336,47093900,93.2300033569336,-0.02804414995164828
246,2020-12-22,93.5500030517578,90.52999877929688,93.36000061035156,93.16000366210938,35673700,93.16000366210938,-0.0007508279770861437
247,2020-12-23,93.12999725341795,91.45999908447266,93.08000183105467,91.5500030517578,25993300,91.5500030517578,-0.017282101192170773
248,2020-12-24,92.51000213623048,91.30999755859376,91.8000030517578,91.80999755859376,16705900,91.80999755859376,0.0028399180575557903
249,2020-12-28,93.13999938964844,90.81999969482422,92.93000030517578,91.5999984741211,30627300,91.5999984741211,-0.002287322623428345
250,2020-12-29,92.45999908447266,89.43000030517578,91.66000366210938,90.62000274658205,31748200,90.62000274658205,-0.01069864349196381
251,2020-12-30,92.8499984741211,90.19000244140624,90.77999877929688,92.29000091552734,25845000,92.29000091552734,0.018428582193000365
252,2020-12-31,92.3000030517578,90.87000274658205,92.0999984741211,91.70999908447266,24930700,91.70999908447266,-0.006284557647643352
253,2021-01-04,96.05999755859376,90.91999816894533,92.11000061035156,92.3000030517578,51802600,92.3000030517578,0.006433365752644971
254,2021-01-05,93.20999908447266,91.41000366210938,92.0999984741211,92.7699966430664,34208000,92.7699966430664,0.005092021405948
255,2021-01-06,92.27999877929688,89.45999908447266,91.62000274658205,90.33000183105467,51911700,90.33000183105467,-0.026301551151280522
256,2021-01-07,95.51000213623048,91.1999969482422,91.33000183105467,95.16000366210938,42897200,95.16000366210938,0.05347062695834226
257,2021-01-08,96.4000015258789,93.2699966430664,95.9800033569336,94.58000183105467,39816400,94.58000183105467,-0.006095016905570461
258,2021-01-11,99.2300033569336,93.76000213623048,94.02999877929688,97.25,48600200,97.25,0.02823004987581479
259,2021-01-12,98.97000122070312,94.06999969482422,97.86000061035156,95.36000061035156,67672300,95.36000061035156,-0.01943444102466263
260,2021-01-13,93.88999938964844,90.83999633789062,93.01000213623048,91.77999877929688,60712900,91.77999877929688,-0.03754196526993381
261,2021-01-14,92.36000061035156,90.4499969482422,91.7699966430664,90.79000091552734,53408200,90.79000091552734,-0.010786640629078414
262,2021-01-15,91.58999633789062,87.86000061035156,90.75,88.20999908447266,49340300,88.20999908447266,-0.028417246448264377
263,2021-01-19,89.58000183105469,87.23999786376953,89.55999755859375,89.44999694824219,45115100,89.44999694824219,0.014057339039104555
264,2021-01-20,90.77999877929688,88.5999984741211,90.5500030517578,88.75,35185800,88.75,-0.007825567044426163
265,2021-01-21,92.06999969482422,88.43000030517578,89.33999633789062,91.52999877929688,54221900,91.52999877929688,0.03132392990757049
266,2021-01-22,95.9499969482422,91.87999725341795,94.41999816894533,92.79000091552734,71294700,92.79000091552734,0.013766001890469504
267,2021-01-25,95.73999786376952,91.4000015258789,94.13999938964844,94.12999725341795,55086900,94.12999725341795,0.014441171728303948
268,2021-01-26,95.72000122070312,93.62999725341795,94.91000366210938,94.70999908447266,59449100,94.70999908447266,0.006161710910213003
269,2021-01-27,91.87999725341795,86.22000122070312,91.0999984741211,88.83999633789062,73341200,88.83999633789062,-0.06197870133381089
270,2021-01-28,89.87999725341797,87.30000305175781,89.83000183105469,87.5199966430664,47048400,87.5199966430664,-0.014858169171954705
271,2021-01-29,88.33000183105469,85.0199966430664,87.55999755859375,85.63999938964844,56735800,85.63999938964844,-0.021480773829153366
272,2021-02-01,87.94999694824219,84.66000366210938,86.83000183105469,87.66000366210938,42359300,87.66000366210938,0.023587158884369464
273,2021-02-02,89.27999877929688,86.94999694824219,88.48999786376953,88.86000061035156,33850000,88.86000061035156,0.013689218550202664
274,2021-02-03,89.4800033569336,87.33999633789062,88.5999984741211,87.88999938964844,32312900,87.88999938964844,-0.010916061377903352
275,2021-02-04,88.5999984741211,87.05999755859375,88.22000122070312,87.83999633789062,30791600,87.83999633789062,-0.0005689276607697691
276,2021-02-05,88.36000061035156,86.87999725341797,88.1500015258789,87.9000015258789,30268700,87.9000015258789,0.0006831191995666508
277,2021-02-08,91.98999786376952,87.9800033569336,88.30999755859375,91.47000122070312,47639900,91.47000122070312,0.04061433029410311
278,2021-02-09,93.3000030517578,90.5500030517578,91.38999938964844,90.91000366210938,37596400,90.91000366210938,-0.006122199093914538
279,2021-02-10,93.2699966430664,90.45999908447266,91.5,92.3499984741211,42441300,92.3499984741211,0.015839783896212767
280,2021-02-11,93.6500015258789,91.33000183105467,92.9000015258789,92.66000366210938,35571000,92.66000366210938,0.0033568510353050307
281,2021-02-12,94.22000122070312,91.9000015258789,92.75,93.7699966430664,38538400,93.7699966430664,0.01197920286086629
282,2021-02-16,94.0,90.75,93.9000015258789,91.45999908447266,35105900,91.45999908447266,-0.024634719433623387
283,2021-02-17,90.95999908447266,88.56999969482422,90.55999755859376,89.94000244140625,32245500,89.94000244140625,-0.0166192505825693
284,2021-02-18,89.5999984741211,87.30999755859375,89.08999633789062,88.63999938964844,35624900,88.63999938964844,-0.014454114036796195
285,2021-02-19,90.41999816894533,88.69000244140625,89.75,89.58000183105469,29548300,89.58000183105469,0.010604720756756114
286,2021-02-22,88.30000305175781,85.20999908447266,88.1500015258789,85.37000274658203,36930200,85.37000274658203,-0.04699708638555955
287,2021-02-23,85.11000061035156,79.36000061035156,83.4000015258789,84.73999786376953,49720900,84.73999786376953,-0.0073796985187249975
288,2021-02-24,87.08999633789062,82.80999755859375,84.33000183105469,86.94000244140625,40821200,86.94000244140625,0.02596182007431147
289,2021-02-25,87.08999633789062,81.91999816894531,86.16999816894531,82.41999816894531,54625100,82.41999816894531,-0.051989925759517
290,2021-02-26,85.58999633789062,82.91000366210938,83.56999969482422,84.51000213623047,48962900,84.51000213623047,0.02535797153260111
291,2021-03-01,86.5,83.97000122070312,85.37000274658203,86.38999938964844,32746200,86.38999938964844,0.02224585499817411
292,2021-03-02,86.94999694824219,84.04000091552734,86.91999816894531,84.12999725341797,34828200,84.12999725341797,-0.026160460148136888
293,2021-03-03,84.37999725341797,80.8499984741211,84.27999877929688,80.86000061035156,43541000,80.86000061035156,-0.03886837929182929
294,2021-03-04,81.80999755859375,76.77999877929688,80.2300033569336,77.75,60549400,77.75,-0.03846154571947191
295,2021-03-05,79.4800033569336,74.19999694824219,79.0,78.5199966430664,58548900,78.5199966430664,0.009903493801497243
296,2021-03-08,79.0,73.86000061035156,78.02999877929688,73.95999908447266,54563900,73.95999908447266,-0.05807434734520478
297,2021-03-09,79.22000122070312,75.7699966430664,76.7300033569336,78.52999877929688,45088300,78.52999877929688,0.061790153480189236
298,2021-03-10,80.04000091552734,77.41000366210938,79.75,77.5199966430664,45416600,77.5199966430664,-0.012861354284099846
299,2021-03-11,81.88999938964844,79.37000274658203,79.4000015258789,81.2300033569336,43583700,81.2300033569336,0.04785870581173479
300,2021-03-12,81.19000244140625,79.2300033569336,79.7300033569336,81.05000305175781,32938000,81.05000305175781,-0.0022159337404534796
301,2021-03-15,83.38999938964844,81.19999694824219,81.91000366210938,82.5,39086800,82.5,0.017890152913581314
302,2021-03-16,84.75,82.26000213623047,83.66000366210938,82.75,42971600,82.75,0.003030303030302939
303,2021-03-17,83.25,80.41000366210938,81.75,82.62999725341797,43320600,82.62999725341797,-0.0014501842487254502
304,2021-03-18,81.62000274658203,78.01000213623047,81.05999755859375,78.12000274658203,51036500,78.12000274658203,-0.054580596112138724
305,2021-03-19,79.33999633789062,77.58999633789062,78.48999786376953,79.05999755859375,42283400,79.05999755859375,0.012032703263734179
306,2021-03-22,81.2699966430664,79.22000122070312,79.98999786376953,80.30000305175781,39648600,80.30000305175781,0.015684360377636652
307,2021-03-23,80.33999633789062,77.94999694824219,80.12999725341797,78.37999725341797,40466600,78.37999725341797,-0.02391040753886764
308,2021-03-24,78.80000305175781,76.4000015258789,77.55000305175781,76.4800033569336,43753600,76.4800033569336,-0.024240800753556058
309,2021-03-25,76.94999694824219,74.95999908447266,75.8499984741211,76.22000122070312,44735100,76.22000122070312,-0.003399609372622958
310,2021-03-26,77.5,75.02999877929688,76.62000274658203,77.41000366210938,49148700,77.41000366210938,0.015612731859718343
311,2021-03-29,78.0199966430664,76.26000213623047,77.02999877929688,77.13999938964844,37144300,77.13999938964844,-0.003487976484789934
312,2021-03-30,76.55999755859375,74.8499984741211,76.47000122070312,76.0,39169300,76.0,-0.014778317327824864
313,2021-03-31,79.12999725341797,76.5199966430664,76.56999969482422,78.5,43659500,78.5,0.03289473684210531
314,2021-04-01,81.30999755859375,79.4800033569336,80.16000366210938,81.08999633789062,40182400,81.08999633789062,0.03299358392217355
315,2021-04-05,81.9000015258789,80.38999938964844,81.73999786376953,81.43000030517578,32610600,81.43000030517578,0.004192921231225721
316,2021-04-06,82.45999908447266,80.87999725341797,81.20999908447266,81.44000244140625,29327900,81.44000244140625,0.00012283109656130442
317,2021-04-07,83.0999984741211,80.3499984741211,81.31999969482422,82.19999694824219,35590900,82.19999694824219,0.009331955845442552
318,2021-04-08,83.79000091552734,82.44000244140625,83.31999969482422,83.3499984741211,41925300,83.3499984741211,0.013990286722309841
319,2021-04-09,83.58999633789062,82.16000366210938,82.80000305175781,82.76000213623047,32759900,82.76000213623047,-0.007078540476204154
320,2021-04-12,82.18000030517578,78.02999877929688,82.05999755859375,78.58000183105469,62098800,78.58000183105469,-0.050507493925569524
321,2021-04-13,80.72000122070312,78.9800033569336,79.66999816894531,80.19000244140625,37767300,80.19000244140625,0.020488681252680996
322,2021-04-14,80.12999725341797,77.94000244140625,79.87999725341797,78.55000305175781,34263800,78.55000305175781,-0.020451419624868628
323,2021-04-15,83.94999694824219,79.97000122070312,80.31999969482422,83.01000213623047,68942800,83.01000213623047,0.056779107717333854
324,2021-04-16,83.58999633789062,81.52999877929688,83.30000305175781,82.1500015258789,47280600,82.1500015258789,-0.01036020465268972
325,2021-04-19,83.18000030517578,80.38999938964844,82.12999725341797,81.11000061035156,39115500,81.11000061035156,-0.012659779625198486
326,2021-04-20,81.11000061035156,78.51000213623047,80.81999969482422,79.2699966430664,34977800,79.2699966430664,-0.02268529100529104
327,2021-04-21,81.66000366210938,78.86000061035156,78.98999786376953,81.61000061035156,35069000,81.61000061035156,0.02951941549615089
328,2021-04-22,81.79000091552734,78.58999633789062,81.61000061035156,79.05999755859375,38846100,79.05999755859375,-0.03124620797312394
329,2021-04-23,83.30000305175781,79.95999908447266,80.20999908447266,82.76000213623047,49194000,82.76000213623047,0.04679995815702531
330,2021-04-26,85.9000015258789,82.69999694824219,83.3499984741211,85.41000366210938,57594500,85.41000366210938,0.032020317272548615
331,2021-04-27,87.1500015258789,85.12999725341797,85.66999816894531,85.20999908447266,61909900,85.20999908447266,-0.0023416996728855555
332,2021-04-28,89.19999694824219,83.91999816894531,88.8499984741211,84.0199966430664,108920300,84.0199966430664,-0.013965525809084278
333,2021-04-29,85.2699966430664,82.62999725341797,84.69999694824219,83.91000366210938,51294500,83.91000366210938,-0.0013091286045190387
334,2021-04-30,84.0999984741211,81.41999816894531,82.97000122070312,81.62000274658203,46601900,81.62000274658203,-0.02729115499444823
335,2021-05-03,82.0,78.45999908447266,81.97000122070312,78.55000305175781,66323300,78.55000305175781,-0.0376133250614572
336,2021-05-04,78.66999816894531,77.04000091552734,77.94999694824219,78.61000061035156,59194300,78.61000061035156,0.0007638135743193164
337,2021-05-05,79.30000305175781,77.36000061035156,79.05000305175781,77.83000183105469,42310200,77.83000183105469,-0.009922386124420979
338,2021-05-06,78.05999755859375,76.47000122070312,77.62999725341797,77.88999938964844,38661300,77.88999938964844,0.0007708795732008777
339,2021-05-07,79.56999969482422,78.22000122070312,78.75,78.80999755859375,36954200,78.80999755859375,0.01181150566381417
340,2021-05-10,78.30000305175781,75.91999816894531,78.19999694824219,75.98999786376953,45134500,75.98999786376953,-0.0357822583705526
341,2021-05-11,76.93000030517578,72.75,73.56999969482422,76.83000183105469,51008200,76.83000183105469,0.011054138582699657
342,2021-05-12,76.12999725341797,74.16000366210938,75.08999633789062,74.63999938964844,42531400,74.63999938964844,-0.02850452153082017
343,2021-05-13,75.69999694824219,72.5,75.20999908447266,73.08999633789062,48646800,73.08999633789062,-0.020766386179429386
344,2021-05-14,75.02999877929688,72.72000122070312,74.0199966430664,74.58999633789062,38355800,74.58999633789062,0.020522644344727947
345,2021-05-17,75.5199966430664,73.41000366210938,74.22000122070312,74.6500015258789,40779200,74.6500015258789,0.0008044669652007563
346,2021-05-18,75.7699966430664,74.23999786376953,74.73999786376953,74.44000244140625,31982500,74.44000244140625,-0.002813115608575778
347,2021-05-19,76.97000122070312,72.76000213623047,73.16000366210938,76.2300033569336,73966200,76.2300033569336,0.02404622322435168
348,2021-05-20,78.2699966430664,76.25,76.80999755859375,78.05999755859375,49135000,78.05999755859375,0.024006219612657365
349,2021-05-21,78.80999755859375,77.04000091552734,78.55000305175781,77.16999816894531,40201100,77.16999816894531,-0.011401478573969781
350,2021-05-24,78.01000213623047,76.80000305175781,77.26000213623047,77.44000244140625,33194300,77.44000244140625,0.003498824398956435
351,2021-05-25,78.7699966430664,76.83999633789062,77.33000183105469,77.86000061035156,47353100,77.86000061035156,0.005423529903205937
352,2021-05-26,78.58999633789062,77.58999633789062,77.83000183105469,78.33999633789062,30354000,78.33999633789062,0.006164856457440804
353,2021-05-27,78.43000030517578,77.47000122070312,78.11000061035156,78.41999816894531,35883200,78.41999816894531,0.001021213106899177
354,2021-05-28,81.08999633789062,78.66000366210938,78.66000366210938,80.08000183105469,40952700,80.08000183105469,0.021168116562986006
355,2021-06-01,82.91000366210938,80.66000366210938,81.01000213623047,80.80999755859375,43433000,80.80999755859375,0.009115830555038507
356,2021-06-02,82.5999984741211,80.66000366210938,81.0,81.97000122070312,35203200,81.97000122070312,0.0143547048280539
357,2021-06-03,81.88999938964844,80.26000213623047,81.12999725341797,80.27999877929688,29812000,80.27999877929688,-0.020617328488942488
358,2021-06-04,82.19000244140625,80.80999755859375,80.91999816894531,81.58000183105469,26387800,81.58000183105469,0.01619336162836449
359,2021-06-07,81.68000030517578,80.37999725341797,81.4000015258789,81.3499984741211,29006800,81.3499984741211,-0.0028193595461043497
360,2021-06-08,82.6500015258789,80.44999694824219,81.87000274658203,80.88999938964844,26956600,80.88999938964844,-0.005654567831602231
361,2021-06-09,81.68000030517578,79.80000305175781,81.08999633789062,79.95999908447266,28454600,79.95999908447266,-0.01149709867960258
362,2021-06-10,81.70999908447266,79.69999694824219,80.0199966430664,81.55999755859375,28606400,81.55999755859375,0.02000998614858407
363,2021-06-11,82.33000183105469,80.69999694824219,81.61000061035156,81.30999755859375,24310900,81.30999755859375,-0.0030652281447213214
364,2021-06-14,81.55000305175781,80.19999694824219,81.51000213623047,81.55000305175781,27830200,81.55000305175781,0.0029517341086022775
365,2021-06-15,81.68000030517578,80.22000122070312,81.58999633789062,80.47000122070312,26194300,80.47000122070312,-0.0132434309091225
366,2021-06-16,81.44999694824219,78.95999908447266,80.75,80.11000061035156,29598300,80.11000061035156,-0.004473724430104076
367,2021-06-17,85.37000274658203,80.56999969482422,80.7699966430664,84.55999755859375,77822800,84.55999755859375,0.05554858212879821
368,2021-06-18,85.7699966430664,83.4800033569336,84.27999877929688,84.6500015258789,58736800,84.6500015258789,0.001064379965512563
369,2021-06-21,84.19000244140625,82.20999908447266,83.48999786376953,82.58999633789062,44417100,82.58999633789062,-0.024335559962848974
370,2021-06-22,84.04000091552734,82.4800033569336,82.9000015258789,83.58000183105469,32107700,83.58000183105469,0.011986990399100783
371,2021-06-23,84.48999786376953,83.16000366210938,83.83000183105469,83.81999969482422,25992400,83.81999969482422,0.0028714747369191773
372,2021-06-24,87.13999938964844,84.37000274658203,84.38999938964844,86.0999984741211,42217700,86.0999984741211,0.027201130847029464
373,2021-06-25,86.36000061035156,85.0999984741211,86.33999633789062,85.62000274658203,27804500,85.62000274658203,-0.005574863368706495
374,2021-06-28,88.0,86.1500015258789,86.37999725341797,87.08000183105469,30262000,87.08000183105469,0.017052079393105934
375,2021-06-29,90.3000030517578,86.66000366210938,87.41000366210938,89.5199966430664,46181000,89.5199966430664,0.028020151133501203
376,2021-06-30,94.33999633789062,90.5999984741211,90.81999969482422,93.93000030517578,70721500,93.93000030517578,0.04926277734004958
377,2021-07-01,94.18000030517578,91.6999969482422,94.04000091552734,93.30999755859376,58059000,93.30999755859376,-0.0066006892852937815
378,2021-07-02,95.2699966430664,92.20999908447266,93.27999877929688,94.6999969482422,51316700,94.6999969482422,0.014896575136823742
379,2021-07-06,95.41000366210938,93.31999969482422,94.87999725341795,94.47000122070312,44930100,94.47000122070312,-0.0024286772434087833
380,2021-07-07,95.44000244140624,90.30999755859376,95.0199966430664,90.54000091552734,51498500,90.54000091552734,-0.04160051079066274
381,2021-07-08,90.33999633789062,87.44999694824219,87.86000061035156,89.73999786376953,45673500,89.73999786376953,-0.008835907263842424
382,2021-07-09,91.26000213623048,88.52999877929688,90.04000091552734,90.9000015258789,35278400,90.9000015258789,0.012926272450667131
383,2021-07-12,91.9000015258789,89.6500015258789,91.22000122070312,90.80999755859376,28526600,90.80999755859376,-0.0009901426377810774
384,2021-07-13,91.41000366210938,89.83000183105469,90.4800033569336,90.26000213623048,30367600,90.26000213623048,-0.006056551449727832
385,2021-07-14,91.4000015258789,88.94000244140625,90.76000213623048,89.05000305175781,28108500,89.05000305175781,-0.013405706357577984
386,2021-07-15,89.77999877929688,86.18000030517578,89.77999877929688,86.93000030517578,38944700,86.93000030517578,-0.02380688011150134
387,2021-07-16,88.02999877929688,85.68000030517578,87.31999969482422,85.88999938964844,35860700,85.88999938964844,-0.011963659402695503
388,2021-07-19,87.2300033569336,84.23999786376953,84.98999786376953,86.58000183105469,39244800,86.58000183105469,0.008033559742805174
389,2021-07-20,87.7699966430664,85.16999816894531,87.08999633789062,87.11000061035156,28089000,87.11000061035156,0.0061214918929093365
390,2021-07-21,89.48999786376953,86.9000015258789,87.25,89.41000366210938,29469900,89.41000366210938,0.026403432850906183
391,2021-07-22,91.36000061035156,89.08000183105469,89.4000015258789,91.20999908447266,33730100,91.20999908447266,0.020131924266166834
392,2021-07-23,92.37000274658205,90.19000244140624,91.3499984741211,92.1500015258789,31708900,92.1500015258789,0.010305914382650938
393,2021-07-26,92.75,91.12000274658205,92.01000213623048,91.81999969482422,27668500,91.81999969482422,-0.003581137553882896
394,2021-07-27,94.0999984741211,89.0999984741211,92.94000244140624,91.02999877929688,69427000,91.02999877929688,-0.008603800023448183
395,2021-07-28,98.70999908447266,89.6500015258789,93.44000244140624,97.93000030517578,140561000,97.93000030517578,0.07579920486001579
396,2021-07-29,105.73999786376952,96.58000183105467,96.58000183105467,102.9499969482422,164091800,102.9499969482422,0.05126107043217387
397,2021-07-30,106.97000122070312,101.37999725341795,101.5999984741211,106.19000244140624,125567000,106.19000244140624,0.031471642440095815
398,2021-08-02,110.33000183105467,103.83000183105467,105.93000030517578,108.62999725341795,115581900,108.62999725341795,0.022977632130275705
399,2021-08-03,114.8499984741211,107.66000366210938,108.1500015258789,112.55999755859376,157723100,112.55999755859376,0.03617785514628791
400,2021-08-04,122.48999786376952,114.16000366210938,114.36000061035156,118.7699966430664,225368700,118.7699966430664,0.055170568755920524
401,2021-08-05,117.68000030517578,111.58999633789062,116.62999725341795,112.3499984741211,137860900,112.3499984741211,-0.054054040165034456
402,2021-08-06,116.26000213623048,109.6999969482422,110.5500030517578,110.11000061035156,143792800,110.11000061035156,-0.019937675960765566
403,2021-08-09,112.33000183105467,107.05999755859376,111.30999755859376,107.58000183105467,115749900,107.58000183105467,-0.022977011763444133
404,2021-08-10,109.16999816894533,104.36000061035156,107.9000015258789,106.4800033569336,113012300,106.4800033569336,-0.010224934517555906
405,2021-08-11,109.79000091552734,105.62000274658205,107.5999984741211,107.68000030517578,91788300,107.68000030517578,0.011269692997845304
406,2021-08-12,108.44000244140624,105.86000061035156,107.38999938964844,106.5,60578700,106.5,-0.010958398048212747
407,2021-08-13,111.70999908447266,106.56999969482422,107.16999816894533,110.5500030517578,100059200,110.5500030517578,0.03802819766908727
408,2021-08-16,111.58000183105467,105.87000274658205,110.1999969482422,107.4800033569336,73325400,107.4800033569336,-0.02777023618341179
409,2021-08-17,108.6999969482422,105.3499984741211,106.63999938964844,107.55999755859376,74053900,107.55999755859376,0.0007442705541653716
410,2021-08-18,108.06999969482422,103.2699966430664,107.3499984741211,103.44000244140624,79387900,103.44000244140624,-0.03830415777894702
411,2021-08-19,106.18000030517578,101.9800033569336,103.31999969482422,103.6999969482422,71117500,103.6999969482422,0.0025134812519289618
412,2021-08-20,105.9800033569336,103.98999786376952,104.31999969482422,104.6500015258789,55190300,104.6500015258789,0.009161085878439001
413,2021-08-23,109.0199966430664,104.86000061035156,105.3000030517578,108.7699966430664,68835300,108.7699966430664,0.03936927909330867
414,2021-08-24,109.61000061035156,107.27999877929688,109.4499969482422,107.6500015258789,51239300,107.6500015258789,-0.010296912308113915
415,2021-08-25,109.91000366210938,107.4499969482422,108.12999725341795,108.3000030517578,45485500,108.3000030517578,0.006038100479939468
416,2021-08-26,109.2300033569336,106.83999633789062,108.56999969482422,107.2699966430664,51442500,107.2699966430664,-0.009510677559253056
417,2021-08-27,111.77999877929688,107.8000030517578,108.01000213623048,111.4000015258789,60970800,111.4000015258789,0.03850102556220647
418,2021-08-30,114.48999786376952,111.26000213623048,112.61000061035156,111.31999969482422,56130500,111.31999969482422,-0.0007181492814980484
419,2021-08-31,111.26000213623048,109.02999877929688,111.26000213623048,110.72000122070312,49339000,110.72000122070312,-0.005389853357581242
420,2021-09-01,111.8499984741211,109.8499984741211,111.3000030517578,109.98999786376952,38579600,109.98999786376952,-0.0065932383389200044
421,2021-09-02,110.87999725341795,108.7699966430664,110.31999969482422,109.1999969482422,40090500,109.1999969482422,-0.007182479596970159
422,2021-09-03,111.16999816894533,108.5,108.8499984741211,109.91999816894533,42605800,109.91999816894533,0.006593417956269665
423,2021-09-07,110.58000183105467,108.66000366210938,109.95999908447266,109.1500015258789,28815200,109.1500015258789,-0.007005064191166976
424,2021-09-08,109.3000030517578,105.5199966430664,108.87999725341795,106.16999816894533,43067900,106.16999816894533,-0.027301908522896712
425,2021-09-09,107.3000030517578,105.83999633789062,106.55999755859376,106.1500015258789,31857900,106.1500015258789,-0.00018834551578872372
426,2021-09-10,106.98999786376952,104.9800033569336,106.98999786376952,105.1999969482422,32559400,105.1999969482422,-0.008949642618752973
427,2021-09-13,105.27999877929688,102.62999725341795,105.26000213623048,104.8000030517578,37767800,104.8000030517578,-0.0038022234609113026
428,2021-09-14,106.81999969482422,104.41999816894533,105.5199966430664,105.7300033569336,40629500,105.7300033569336,0.008874048455098649
429,2021-09-15,106.31999969482422,104.02999877929688,106.0,105.5999984741211,37998900,105.5999984741211,-0.0012295931020981365
430,2021-09-16,106.75,103.76000213623048,104.91999816894533,106.22000122070312,38150300,106.22000122070312,0.00587123821534874
431,2021-09-17,105.9800033569336,103.70999908447266,105.55999755859376,103.87999725341795,44528300,103.87999725341795,-0.022029786672880247
432,2021-09-20,102.51000213623048,99.51000213623048,101.58000183105467,101.5500030517578,45228400,101.5500030517578,-0.02242967138299079
433,2021-09-21,103.43000030517578,101.18000030517578,102.1500015258789,102.81999969482422,35481500,102.81999969482422,0.012506121170859252
434,2021-09-22,104.55999755859376,102.20999908447266,102.81999969482422,104.37999725341795,34126300,104.37999725341795,0.015172121797548233
435,2021-09-23,106.86000061035156,103.88999938964844,104.88999938964844,106.1500015258789,32816700,106.1500015258789,0.01695731288595126
436,2021-09-24,106.0500030517578,104.68000030517578,105.19000244140624,105.8000030517578,26482600,105.8000030517578,-0.00329720649166243
437,2021-09-27,108.44000244140624,103.44000244140624,105.06999969482422,108.16000366210938,51944300,108.16000366210938,0.022306243310759255
438,2021-09-28,107.6500015258789,101.41999816894533,106.83999633789062,101.5199966430664,74469000,101.5199966430664,-0.06139059536079783
439,2021-09-29,102.66000366210938,99.80999755859376,102.3000030517578,100.3499984741211,52224700,100.3499984741211,-0.011524805039729302
440,2021-09-30,104.44000244140624,101.98999786376952,102.08000183105467,102.9000015258789,57588500,102.9000015258789,0.02541109208302994
441,2021-10-01,103.0,100.63999938964844,102.5999984741211,102.4499969482422,41491600,102.4499969482422,-0.004373222263981513
