Date,Adj Close,daily_return
2017-01-03,27.37236213684082,
2017-01-04,27.34172439575196,-0.0011192947446659884
2017-01-05,27.480770111083984,0.005085477174717967
2017-01-06,27.78713035583496,0.011148168101279277
2017-01-09,28.04164695739746,0.00915951371383894
2017-01-10,28.06992530822754,0.0010084411544386551
2017-01-11,28.22074890136719,0.00537313838506881
2017-01-12,28.10291862487793,-0.004175306505900478
2017-01-13,28.053428649902344,-0.001761026163729973
2017-01-17,28.279672622680664,0.008064752996924884
2017-01-18,28.27731132507324,-8.349805313978553e-05
2017-01-19,28.227821350097656,-0.001750165509254109
2017-01-20,28.279672622680664,0.0018368853883521385
2017-01-23,28.29852104187012,0.0006665006148034447
2017-01-24,28.27259635925293,-0.0009161143997183929
2017-01-25,28.722713470458984,0.015920614629322483
2017-01-26,28.73685836791992,0.0004924638292089778
2017-01-27,28.73921012878418,8.18377859594932e-05
2017-01-30,28.663801193237305,-0.0026239042482015806
2017-01-31,28.597814559936523,-0.002302089414307984
2017-02-01,30.34172439575196,0.0609805281505158
2017-02-02,30.28988265991211,-0.001708595568388649
2017-02-03,30.41949844360352,0.004279177478061058
2017-02-06,30.704648971557607,0.009373939168745515
2017-02-07,30.99687385559082,0.009517284639987578
2017-02-08,31.117055892944336,0.0038772309076529066
2017-02-09,31.341915130615234,0.007226237547810044
2017-02-10,31.270904541015625,-0.0022656748735256915
2017-02-13,31.54782295227051,0.00885546533812831
2017-02-14,31.95730400085449,0.012979692741508453
2017-02-15,32.07326889038086,0.003628744449884369
2017-02-16,32.035400390625,-0.001180687253465984
2017-02-17,32.122974395751946,0.0027336635115875474
2017-02-21,32.35492706298828,0.007220771787154634
2017-02-22,32.45196914672852,0.002999298485554247
2017-02-23,32.314697265625,-0.004230001590438515
2017-02-24,32.345458984375,0.0009519420373069742
2017-02-27,32.40935516357422,0.001975429664797357
2017-02-28,32.42356491088867,0.000438445851290048
2017-03-01,33.086280822753906,0.020439329040055076
2017-03-02,32.889842987060554,-0.005937138620858762
2017-03-03,33.083911895751946,0.00590057267125732
2017-03-06,32.97977828979492,-0.0031475602487743837
2017-03-07,33.02238082885742,0.0012917776065124453
2017-03-08,32.899303436279304,-0.0037270902184788346
2017-03-09,32.823570251464844,-0.0023019692487150634
2017-03-10,32.932430267333984,0.0033165196544786557
2017-03-13,32.946643829345696,0.00043159772589906886
2017-03-14,32.896934509277344,-0.0015087825128966559
2017-03-15,33.2448616027832,0.010576277051216998
2017-03-16,33.2993049621582,0.0016376473460921748
2017-03-17,33.133621215820305,-0.004975591728601625
2017-03-20,33.481555938720696,0.010500956736182676
2017-03-21,33.098114013671875,-0.011452332912801677
2017-03-22,33.47208404541016,0.011298832059851271
2017-03-23,33.35373687744141,-0.0035356976221795344
2017-03-24,33.28746795654297,-0.0019868514626096845
2017-03-27,33.344276428222656,0.0017066023692113852
2017-03-28,34.035400390625,0.02072691437434737
2017-03-29,34.11112594604492,0.002224905673234856
2017-03-30,34.06615829467773,-0.0013182693364717224
2017-03-31,34.002254486083984,-0.001875873646830506
2017-04-03,34.011722564697266,0.00027845443651841606
2017-04-04,34.26498794555664,0.007446414405433588
2017-04-05,34.08746337890625,-0.005180931828502544
2017-04-06,34.002254486083984,-0.0024997135127101666
2017-04-07,33.926525115966804,-0.0022271867339906937
2017-04-10,33.886280059814446,-0.001186241621114803
2017-04-11,33.52179336547852,-0.010756173108778744
2017-04-12,33.562026977539055,0.001200222542448115
2017-04-13,33.38451385498047,-0.005289106128106735
2017-04-17,33.569122314453125,0.005529763299072732
2017-04-18,33.42000961303711,-0.004441960085200591
2017-04-19,33.29692840576172,-0.003682859720883447
2017-04-20,33.71350479125977,0.012510955377672994
2017-04-21,33.673267364501946,-0.001193510642306661
2017-04-24,33.997528076171875,0.0096296183010669
2017-04-25,34.208175659179695,0.006195967616700271
2017-04-26,34.006988525390625,-0.005881258790106814
2017-04-27,34.03302383422852,0.000765587015105984
2017-04-28,33.999893188476555,-0.0009734852216877199
2017-05-01,34.693382263183594,0.020396801568249634
2017-05-02,34.91349411010742,0.0063444908672800615
2017-05-03,34.806983947753906,-0.0030506875656046706
2017-05-04,34.68155670166016,-0.0036035080282167398
2017-05-05,35.25668716430664,0.01658317899608419
2017-05-08,36.21527099609375,0.02718870968562137
2017-05-09,36.44722366333008,0.006404830361792513
2017-05-10,36.27444076538086,-0.004740632634881781
2017-05-11,36.58815002441406,0.008648217654470214
2017-05-12,37.09912490844727,0.013965584039976164
2017-05-15,37.00405502319336,-0.002562591044627749
2017-05-16,36.94940948486328,-0.001476744597202373
2017-05-17,35.70880889892578,-0.03357565393421846
2017-05-18,36.2530517578125,0.015241137289882856
2017-05-19,36.37663269042969,0.0034088421974174388
2017-05-22,36.5976676940918,0.006076290940482343
2017-05-23,36.55250930786133,-0.0012339143195663205
2017-05-24,36.44317626953125,-0.002991122645212285
2017-05-25,36.56914138793945,0.0034564802331327193
2017-05-26,36.50735092163086,-0.0016896887365523972
2017-05-30,36.52161026000977,0.0003905881423587054
2017-05-31,36.30533599853516,-0.005921816150352588
2017-06-01,36.40515518188477,0.0027494356023487487
2017-06-02,36.94464492797852,0.014819048110038091
2017-06-05,36.58340072631836,-0.00977798547974651
2017-06-06,36.70698547363281,0.0033781645462376275
2017-06-07,36.92563629150391,0.005956654164046338
2017-06-08,36.83531951904297,-0.0024459097129146956
2017-06-09,35.40696716308594,-0.03877670601495953
2017-06-12,34.56089401245117,-0.02389566852020164
2017-06-13,34.83895492553711,0.008045535887635458
2017-06-14,34.499099731445305,-0.009755034122527317
2017-06-15,34.29232788085937,-0.005993543373465693
2017-06-16,33.81226348876953,-0.013999177709886235
2017-06-19,34.779541015625,0.028607298862933117
2017-06-20,34.463455200195305,-0.009088268740742977
2017-06-21,34.66783905029297,0.005930451514812196
2017-06-22,34.61080551147461,-0.0016451425984648216
2017-06-23,34.765274047851555,0.004463014775132335
2017-06-26,34.65596389770508,-0.0031442338120510893
2017-06-27,34.15924072265625,-0.014332978200087498
2017-06-28,34.65833282470703,0.014610749287520264
2017-06-29,34.147354125976555,-0.014743314437970056
2017-06-30,34.228164672851555,0.0023665244041126687
2017-07-03,34.10457992553711,-0.003610615658059757
2017-07-05,34.24480438232422,0.0041116019342055665
2017-07-06,33.921585083007805,-0.009438491623659173
2017-07-07,34.26618194580078,0.010158630911548894
2017-07-10,34.4753303527832,0.006103639072285061
2017-07-11,34.58703994750977,0.003240276266636366
2017-07-12,34.63694381713867,0.0014428488157598451
2017-07-13,35.11941146850586,0.013929278920054688
2017-07-14,35.42123031616211,0.008594074759109116
2017-07-17,35.5448112487793,0.003488894414850341
2017-07-18,35.66840362548828,0.003477086313497635
2017-07-19,35.89179992675781,0.006263142685474454
2017-07-20,35.730194091796875,-0.004502583745889521
2017-07-21,35.71355438232422,-0.0004657044243842057
2017-07-24,36.14610290527344,0.01211160665551958
2017-07-25,36.30058288574219,0.004273765857237377
2017-07-26,36.47169876098633,0.004713860264523362
2017-07-27,35.78247833251953,-0.018897404066192114
2017-07-28,35.53055953979492,-0.007040283526020152
2017-07-31,35.347557067871094,-0.005150565437025079
2017-08-01,35.66127395629883,0.008875207070897728
2017-08-02,37.34629440307617,0.047250708116660434
2017-08-03,36.97316360473633,-0.009991106328051336
2017-08-04,37.16805267333984,0.005271095291898176
2017-08-07,37.74319076538086,0.015473990448080732
2017-08-08,38.04502868652344,0.00799714902269022
2017-08-09,38.277931213378906,0.0061217597908651555
2017-08-10,37.05871200561523,-0.03185175293218401
2017-08-11,37.5740852355957,0.013906938533168267
2017-08-14,38.13955307006836,0.015049410542587571
2017-08-15,38.557090759277344,0.010947629313901475
2017-08-16,38.40200424194336,-0.004022256718024475
2017-08-17,37.66474533081055,-0.01919844877074317
2017-08-18,37.5788459777832,-0.0022806301296580678
2017-08-21,37.50966644287109,-0.00184091696038291
2017-08-22,38.12285232543945,0.016347409633788113
2017-08-23,38.17056655883789,0.0012515913812303214
2017-08-24,38.00117111206055,-0.004437855186567141
2017-08-25,38.141937255859375,0.0037042580446724482
2017-08-28,38.52607345581055,0.010071229402281112
2017-08-29,38.8696517944336,0.008918073081523259
2017-08-30,38.97463989257813,0.0027010300658152353
2017-08-31,39.12972259521485,0.003979066979557855
2017-09-01,39.14165496826172,0.00030494397239411164
2017-09-05,38.6716194152832,-0.012008576371122959
2017-09-06,38.63105010986328,-0.0010490718008020483
2017-09-07,38.47597122192383,-0.00401435859233501
2017-09-08,37.84846496582031,-0.0163090426615653
2017-09-11,38.53323364257813,0.018092376464308613
2017-09-12,38.38053512573242,-0.003962774530216984
2017-09-13,38.09183120727539,-0.0075221441679032
2017-09-14,37.76495361328125,-0.008581304275329993
2017-09-15,38.14671325683594,0.010108833906270931
2017-09-18,37.858009338378906,-0.0075682514641099985
2017-09-19,37.872318267822266,0.00037796307025717013
2017-09-20,37.23765563964844,-0.016757955604557284
2017-09-21,36.59821319580078,-0.017171930747617137
2017-09-22,36.240325927734375,-0.009778818057365468
2017-09-25,35.92060470581055,-0.008822250179575497
2017-09-26,36.53857421875,0.017203761406597184
2017-09-27,36.79864883422852,0.007117809631035366
2017-09-28,36.57197952270508,-0.006159718324021957
2017-09-29,36.77239227294922,0.005479953583582109
2017-10-02,36.698429107666016,-0.002011377577346596
2017-10-03,36.85829544067383,0.00435621733395708
2017-10-04,36.61970138549805,-0.0064732796870603515
2017-10-05,37.07542037963867,0.012444639822243309
2017-10-06,37.053932189941406,-0.0005795804734575194
2017-10-09,37.18277740478516,0.0034772345937075233
2017-10-10,37.19708633422852,0.0003848268053670001
2017-10-11,37.3521842956543,0.004169626621616684
2017-10-12,37.2209587097168,-0.00351319711047704
2017-10-13,37.45716857910156,0.006346152210289668
2017-10-16,38.14671325683594,0.01840888417068154
2017-10-17,38.28748321533203,0.0036902250935306746
2017-10-18,38.11808013916016,-0.004424502786436246
2017-10-19,37.2161865234375,-0.023660520478210323
2017-10-20,37.28060531616211,0.0017309348093481614
2017-10-23,37.261512756347656,-0.0005121311645166493
2017-10-24,37.4834098815918,0.00595512926957964
2017-10-25,37.31877899169922,-0.004392100142773581
2017-10-26,37.557373046875,0.006393404651016343
2017-10-27,38.90305709838867,0.03583008986901559
2017-10-30,39.77870941162109,0.022508573324143244
2017-10-31,40.33224868774414,0.013915465944235539
2017-11-01,39.81925964355469,-0.012719078674761186
2017-11-02,40.1103515625,0.007310329763813961
2017-11-03,41.15779113769531,0.026113946509872754
2017-11-06,41.5753288269043,0.010144803150686332
2017-11-07,41.708946228027344,0.0032138627617199766
2017-11-08,42.05013275146485,0.008180176060363697
2017-11-09,41.9642448425293,-0.002042512194745938
2017-11-10,41.82535934448242,-0.0033096150918011658
2017-11-13,41.65774154663086,-0.004007563843529183
2017-11-14,41.027976989746094,-0.015117587596049087
2017-11-15,40.48681640625,-0.013190038193483078
2017-11-16,40.97050857543945,0.011946905489827131
2017-11-17,40.74303436279297,-0.0055521452028751694
2017-11-20,40.70232772827149,-0.0009991065996461934
2017-11-21,41.45899963378906,0.01859038408243152
2017-11-22,41.89480590820313,0.010511741196449043
2017-11-24,41.89720153808594,5.718202604998446e-05
2017-11-27,41.68647766113281,-0.005029545392466583
2017-11-28,41.44224166870117,-0.005858878133504608
2017-11-29,40.58259963989258,-0.020743135366102283
2017-11-30,41.15010070800781,0.013983852024042953
2017-12-01,40.95854187011719,-0.0046551244005423875
2017-12-04,40.65922164916992,-0.007307882734117643
2017-12-05,40.620906829833984,-0.0009423402067687547
2017-12-06,40.47004699707031,-0.0037138469949881125
2017-12-07,40.54428863525391,0.0018344836167099032
2017-12-08,40.55625534057617,0.00029515144364511414
2017-12-11,41.34645462036133,0.01948402960651463
2017-12-12,41.11417770385742,-0.005617819439094562
2017-12-13,41.25067138671875,0.003319868971829676
2017-12-14,41.23870086669922,-0.0002901897015762378
2017-12-15,41.65774154663086,0.010161345317015513
2017-12-18,42.244407653808594,0.014083003192120636
2017-12-19,41.79423522949219,-0.010656379135566385
2017-12-20,41.74873733520508,-0.0010886165050582042
2017-12-21,41.90677261352539,0.0037853906107729873
2017-12-22,41.90677261352539,0.0
2017-12-26,40.84360504150391,-0.025369827016417434
2017-12-27,40.85078811645508,0.0001758677997172331
2017-12-28,40.96572494506836,0.002813576773246673
2017-12-29,40.52273178100586,-0.010813751365477242
2018-01-02,41.24827194213867,0.017904522455539196
2018-01-03,41.2410888671875,-0.00017414244556102076
2018-01-04,41.43265914916992,0.004645131524033008
2018-01-05,41.90438461303711,0.011385353331265335
2018-01-08,41.74873733520508,-0.0037143434814600473
2018-01-09,41.74394989013672,-0.00011467281105825844
2018-01-10,41.73435974121094,-0.00022973745778775978
2018-01-11,41.97142028808594,0.0056802248397958
2018-01-12,42.40483474731445,0.010326418697619077
2018-01-16,42.1893310546875,-0.005082054768309252
2018-01-17,42.88614273071289,0.016516300652460014
2018-01-18,42.92445755004883,0.0008934079144520268
2018-01-19,42.732887268066406,-0.004462963376044016
2018-01-22,42.38329315185547,-0.008180914947728879
2018-01-23,42.39286422729492,0.00022582189178077527
2018-01-24,41.71760177612305,-0.015928681948720547
2018-01-25,40.972904205322266,-0.017850919973712576
2018-01-26,41.06868743896485,0.0023377213673358987
2018-01-29,40.21862411499024,-0.020698575410717734
2018-01-30,39.98157119750977,-0.005894108082929561
2018-01-31,40.09171676635742,0.002754908462789807
2018-02-01,40.17552947998047,0.0020905244370421627
2018-02-02,38.43230438232422,-0.043390220868772866
2018-02-05,37.47209548950195,-0.02498442152388569
2018-02-06,39.03812026977539,0.041791758902625764
2018-02-07,38.202430725097656,-0.021407012912062595
2018-02-08,37.15122604370117,-0.027516696227025128
2018-02-09,37.60563659667969,0.0122313743412934
2018-02-12,39.12034606933594,0.04027878822798581
2018-02-13,39.512245178222656,0.010017782260722585
2018-02-14,40.24074935913086,0.01843742813455007
2018-02-15,41.59196472167969,0.033578285297071186
2018-02-16,41.45732116699219,-0.003237249203986714
2018-02-20,41.31787490844727,-0.003363609963683345
2018-02-21,41.13034439086914,-0.004538726108098801
2018-02-22,41.47415542602539,0.008359060451547773
2018-02-23,42.19544982910156,0.017391418720091645
2018-02-26,43.02973556518555,0.01977193606094918
2018-02-27,42.89029312133789,-0.003240606571621063
2018-02-28,42.82536697387695,-0.0015137725283728143
2018-03-01,42.075233459472656,-0.01751610242737378
2018-03-02,42.36614990234375,0.006914196760222646
2018-03-05,42.51280975341797,0.0034617224225537147
2018-03-06,42.47675704956055,-0.0008480433089822492
2018-03-07,42.08243942260742,-0.00928313869378139
2018-03-08,42.54166412353516,0.010912501918342699
2018-03-09,43.27256774902344,0.01718088938330742
2018-03-12,43.690914154052734,0.009667704663510301
2018-03-13,43.27016067504883,-0.00963022832436844
2018-03-14,42.902305603027344,-0.008501356738284671
2018-03-15,42.95279693603516,0.0011768908989417959
2018-03-16,42.80132675170898,-0.0035264335533667923
2018-03-19,42.14735412597656,-0.015279260606245182
2018-03-20,42.1329345703125,-0.0003421224407340606
2018-03-21,41.17842483520508,-0.022654717617983877
2018-03-22,40.596588134765625,-0.01412964927065441
2018-03-23,39.65650177001953,-0.023156782575554313
2018-03-26,41.5390739440918,0.04747196777441154
2018-03-27,40.47396469116211,-0.0256411410221431
2018-03-28,40.02676010131836,-0.011049191579232676
2018-03-29,40.33932876586914,0.0078089923780886306
2018-04-02,40.07485580444336,-0.006556206300823431
2018-04-03,40.485984802246094,0.010259026253493175
2018-04-04,41.26016998291016,0.019122300826954763
2018-04-05,41.54627990722656,0.006934288550796142
2018-04-06,40.48358917236328,-0.025578481087507376
2018-04-09,40.885101318359375,0.009917898936445901
2018-04-10,41.65447998046875,0.018818069108315738
2018-04-11,41.45972442626953,-0.00467550079344492
2018-04-12,41.868465423583984,0.009858748531754946
2018-04-13,42.01031494140625,0.003387979864730495
2018-04-16,42.27238464355469,0.006238222743960797
2018-04-17,42.85421752929688,0.01376390025422669
2018-04-18,42.7580451965332,-0.002244174279881106
2018-04-19,41.54627990722656,-0.028340053520615305
2018-04-20,39.84404373168945,-0.04097204802302945
2018-04-23,39.72863388061523,-0.002896539614588245
2018-04-24,39.17565155029297,-0.013918986793856836
2018-04-25,39.34634399414063,0.004357105423723029
2018-04-26,39.4833984375,0.0034832828020763262
2018-04-27,39.02658462524414,-0.011569769329227597
2018-04-30,39.73344039916992,0.018112160741541095
2018-05-01,40.656700134277344,0.02323634011633957
2018-05-02,42.45270919799805,0.04417498365064065
2018-05-03,42.52963638305664,0.0018120677457782453
2018-05-04,44.198219299316406,0.039233415993288556
2018-05-07,44.51799774169922,0.007235097871641116
2018-05-08,44.73198699951172,0.004806803285585692
2018-05-09,45.04694366455078,0.007040971934524132
2018-05-10,45.69129180908203,0.014303925907370951
2018-05-11,45.51751708984375,-0.0038032349788749142
2018-05-14,45.41131973266602,-0.0023331096238863314
2018-05-15,44.99860000610352,-0.00908847681574021
2018-05-16,45.41856002807617,0.00933273528322398
2018-05-17,45.13134765625,-0.006323678506069519
2018-05-18,44.96722412109375,-0.0036365751008882174
2018-05-21,45.28582000732422,0.007085069013210932
2018-05-22,45.17238235473633,-0.0025049265436629664
2018-05-23,45.46200942993164,0.006411596203204084
2018-05-24,45.41131973266602,-0.0011149902501284004
2018-05-25,45.51510620117188,0.0022854757165580164
2018-05-29,45.35097885131836,-0.0036059972952298125
2018-05-30,45.254432678222656,-0.002128866356164605
2018-05-31,45.10237884521485,-0.003359976559400679
2018-06-01,45.91576385498047,0.018034193108905416
2018-06-04,46.29951477050781,0.008357716028407403
2018-06-05,46.65671920776367,0.007715079499783339
2018-06-06,46.81842803955078,0.003465928049227296
2018-06-07,46.69292068481445,-0.0026807255175312905
2018-06-08,46.26813888549805,-0.00909734908603721
2018-06-11,46.15470123291016,-0.002451744447050541
2018-06-12,46.40811920166016,0.0054906209330913835
2018-06-13,46.02677536010742,-0.008217179409828357
2018-06-14,46.05091094970703,0.0005243815020881115
2018-06-15,45.57785415649414,-0.010272474169501722
2018-06-18,45.5537109375,-0.0005297138147671854
2018-06-19,44.81758117675781,-0.01615960029583896
2018-06-20,45.01308441162109,0.004362199604039718
2018-06-21,44.7620735168457,-0.005576398464055887
2018-06-22,44.63173675537109,-0.0029117677362637817
2018-06-25,43.9680061340332,-0.01487127030202351
2018-06-26,44.51346969604492,0.012405919894318496
2018-06-27,44.44829940795898,-0.00146405770053315
2018-06-28,44.77172470092773,0.0072764379577328064
2018-06-29,44.67759704589844,-0.0021023906418181637
2018-07-02,45.177207946777344,0.011182582186898715
2018-07-03,44.390380859375,-0.017416461157344965
2018-07-05,44.74758529663086,0.008046888319959589
2018-07-06,45.36787796020508,0.013862036564930014
2018-07-09,45.9978141784668,0.013885071257118797
2018-07-10,45.94231033325195,-0.0012066626687845527
2018-07-11,45.34614944458008,-0.012976293189164823
2018-07-12,46.10642623901367,0.016766071733671062
2018-07-13,46.17884063720703,0.0015705923035103098
2018-07-16,46.07746887207031,-0.0021951994406512743
2018-07-17,46.207801818847656,0.002828561333071411
2018-07-18,45.95437622070313,-0.005484476390762993
2018-07-19,46.31158447265625,0.0077731063139137024
2018-07-20,46.20538330078125,-0.0022931880453734843
2018-07-23,46.24641036987305,0.0008879283356384438
2018-07-24,46.58189392089844,0.007254261430070574
2018-07-25,47.02116394042969,0.009430059247423017
2018-07-26,46.87393569946289,-0.003131105838922177
2018-07-27,46.09435653686523,-0.01663139975264749
2018-07-30,45.83610534667969,-0.005602663961237764
2018-07-31,45.92781829833984,0.0020008888400635527
2018-08-01,48.6334342956543,0.058910179006091745
2018-08-02,50.05502700805664,0.029230769592789585
2018-08-03,50.1998405456543,0.0028930867937468907
2018-08-06,50.46051025390625,0.005192640164163098
2018-08-07,49.9874496459961,-0.009374867704068257
2018-08-08,50.021240234375,0.0006759814437062861
2018-08-09,50.4146499633789,0.007864853553422035
2018-08-10,50.26448059082031,-0.0029786852168500744
2018-08-13,50.58903121948242,0.0064568582992854395
2018-08-14,50.80218124389648,0.004213364424578536
2018-08-15,50.92085647583008,0.0023360263088676447
2018-08-16,51.66684341430664,0.014649929127383166
2018-08-17,52.69863128662109,0.019970019535366923
2018-08-20,52.1851577758789,-0.009743583432925806
2018-08-21,52.08342742919922,-0.0019494114996563283
2018-08-22,52.08585357666016,4.6581947093393694e-05
2018-08-23,52.192420959472656,0.0020459947470314876
2018-08-24,52.35470581054688,0.0031093566477831125
2018-08-27,52.78583145141602,0.008234706588348129
2018-08-28,53.21209716796875,0.008075381306535956
2018-08-29,54.00652694702149,0.014929495760053424
2018-08-30,54.5030517578125,0.009193792655433741
2018-08-31,55.132774353027344,0.011553896064628644
2018-09-04,55.30958557128906,0.0032070074531267423
2018-09-05,54.94870376586914,-0.006524760612331426
2018-09-06,54.03559494018555,-0.016617477085069332
2018-09-07,53.59962844848633,-0.00806813531306183
2018-09-10,52.88027954101562,-0.013420781604149834
2018-09-11,54.217247009277344,0.025282912266466617
2018-09-12,53.543922424316406,-0.012419010962429033
2018-09-13,54.83728408813477,0.024155153475102997
2018-09-14,54.21481704711914,-0.011351164656790758
2018-09-17,52.77129745483398,-0.026625923887755087
2018-09-18,52.85848236083984,0.001652127391419178
2018-09-19,52.88996887207031,0.0005956756574192479
2018-09-20,53.29202651977539,0.007601775086643947
2018-09-21,52.71800994873047,-0.01077115299475273
2018-09-24,53.47610092163086,0.014380113620329205
2018-09-25,53.815185546875,0.006340862916334622
2018-09-26,53.38649368286133,-0.007966001782903187
2018-09-27,54.48366165161133,0.020551414656816647
2018-09-28,54.67501068115234,0.0035120442301503907
2018-10-01,55.04315948486328,0.006733401587388332
2018-10-02,55.53241348266602,0.008888552226681057
2018-10-03,56.20815658569336,0.012168444709111492
2018-10-04,55.21996688842773,-0.01758089496778048
2018-10-05,54.32381439208984,-0.01622877641612086
2018-10-08,54.1978759765625,-0.002318291101916392
2018-10-09,54.94870376586914,0.013853454139629573
2018-10-10,52.40314865112305,-0.04632602664464014
2018-10-11,51.9405288696289,-0.00882809131516249
2018-10-12,53.79581832885742,0.03571949496096405
2018-10-15,52.64534378051758,-0.02138594753419154
2018-10-16,53.80550003051758,0.02203720531936848
2018-10-17,53.57298278808594,-0.0043214400442289636
2018-10-18,52.3207893371582,-0.023373599634743725
2018-10-19,53.117637634277344,0.015230051136732703
2018-10-22,53.44219970703125,0.006110250515818594
2018-10-23,53.94597244262695,0.009426497007184897
2018-10-24,52.09554290771485,-0.034301532646947575
2018-10-25,53.23632049560547,0.02189779632225841
2018-10-26,52.38860702514648,-0.015923592437778744
2018-10-29,51.40526580810547,-0.018770134822806095
2018-10-30,51.66199493408203,0.004994218431530362
2018-10-31,53.00865936279297,0.02606682979294961
2018-11-01,53.82245635986328,0.015352152022948928
2018-11-02,50.25238037109375,-0.06633060306463134
2018-11-05,48.8257942199707,-0.028388429375649005
2018-11-06,49.35380172729492,0.010814109954779827
2018-11-07,50.85062026977539,0.030328333179906908
2018-11-08,50.67319488525391,-0.0034891488752780697
2018-11-09,49.69614028930664,-0.019281487937749864
2018-11-12,47.19273376464844,-0.05037426468302353
2018-11-13,46.72122192382813,-0.00999119574576346
2018-11-14,45.40147399902344,-0.028247290427385274
2018-11-15,46.52193069458008,0.02467886165063149
2018-11-16,47.03718566894531,0.01107552860924721
2018-11-19,45.17300415039063,-0.03963208027952747
2018-11-20,43.01472854614258,-0.047777995837130716
2018-11-21,42.96612548828125,-0.0011299166472523714
2018-11-23,41.87483978271485,-0.02539874594613012
2018-11-26,42.441139221191406,0.01352362042255062
2018-11-27,42.348777770996094,-0.002176224575734187
2018-11-28,43.97720718383789,0.03845280781531968
2018-11-29,43.63937377929688,-0.0076820113457584105
2018-11-30,43.40361022949219,-0.005402542002482691
2018-12-03,44.92023086547852,0.03494226927131994
2018-12-04,42.94424819946289,-0.04398870237183461
2018-12-06,42.46544647216797,-0.011149379657807379
2018-12-07,40.95124816894531,-0.03565718552411945
2018-12-10,41.22103118896485,0.006587907135493065
2018-12-11,40.98528289794922,-0.005719126480240644
2018-12-12,41.09951019287109,0.0027870319989320436
2018-12-13,41.54915237426758,0.01094032944155332
2018-12-14,40.21967315673828,-0.03199774583976056
2018-12-17,39.84538269042969,-0.00930615385286604
2018-12-18,40.363075256347656,0.012992535921666715
2018-12-19,39.10408020019531,-0.031191752564848185
2018-12-20,38.11730194091797,-0.025234662322332624
2018-12-21,36.63470458984375,-0.03889565303893372
2018-12-24,35.68681335449219,-0.025874133447068792
2018-12-26,38.1999397277832,0.07042170866664588
2018-12-27,37.9520263671875,-0.006489888789415921
2018-12-28,37.97147750854492,0.0005125191780073202
2018-12-31,38.338478088378906,0.009665164589694797
2019-01-02,38.38222885131836,0.0011411710928794783
2019-01-03,34.55907821655273,-0.09960731174772086
2019-01-04,36.03437042236328,0.042688991777099394
2019-01-07,35.95417022705078,-0.0022256582915828327
2019-01-08,36.63956451416016,0.019062998333186698
2019-01-09,37.26177215576172,0.0169818514453437
2019-01-10,37.38086700439453,0.003196167056547239
2019-01-11,37.01386260986328,-0.009817974379462746
2019-01-14,36.4572868347168,-0.015036954694865323
2019-01-15,37.20344161987305,0.020466547292425474
2019-01-16,37.65793991088867,0.012216565759143316
2019-01-17,37.88154220581055,0.005937719786345053
2019-01-18,38.11487197875977,0.006159458125583717
2019-01-22,37.25934600830078,-0.022445988299153896
2019-01-23,37.41003036499024,0.0040442029405425295
2019-01-24,37.11351776123047,-0.007926018794073508
2019-01-25,38.34333038330078,0.033136514570844655
2019-01-28,37.98849105834961,-0.00925426459840617
2019-01-29,37.59475326538086,-0.010364659979886448
2019-01-30,40.16376876831055,0.06833441583709954
2019-01-31,40.45300674438477,0.007201465025424625
2019-02-01,40.472450256347656,0.00048064441997452967
2019-02-04,41.6220588684082,0.02840471987188975
2019-02-05,42.33419799804688,0.017109656489847636
2019-02-06,42.348777770996094,0.0003443970510528249
2019-02-07,41.54671859741211,-0.01893937005505031
2019-02-08,41.59553527832031,0.001174982827915727
2019-02-11,41.35632705688477,-0.005750814837096607
2019-02-12,41.71270751953125,0.008617314157427058
2019-02-13,41.53939437866211,-0.004154924270691085
2019-02-14,41.69073867797852,0.003643392051814631
2019-02-15,41.59797286987305,-0.00222509389488168
2019-02-19,41.72246551513672,0.0029927574993404704
2019-02-20,41.990966796875,0.0064354126349717156
2019-02-21,41.75419616699219,-0.005638608680484936
2019-02-22,42.22041702270508,0.011165844358451693
2019-02-25,42.5279655456543,0.007284355405201781
2019-02-26,42.55237579345703,0.0005739810849059168
2019-02-27,42.68418502807617,0.0030975763905385367
2019-02-28,42.26435089111328,-0.009835824127524928
2019-03-01,42.70859909057617,0.010511179992032105
2019-03-04,42.92338943481445,0.005029206033725364
2019-03-05,42.84527587890625,-0.0018198366190729232
2019-03-06,42.5987548828125,-0.005753749766730265
2019-03-07,42.105690002441406,-0.011574631270972469
2019-03-08,42.20576477050781,0.0023767516471195904
2019-03-11,43.66787338256836,0.03464239115226797
2019-03-12,44.15849685668945,0.011235341593642811
2019-03-13,44.353763580322266,0.004421951323808182
2019-03-14,44.84682083129883,0.01111646929541088
2019-03-15,45.43020248413086,0.013008316799680175
2019-03-18,45.89398193359375,0.010208615064502435
2019-03-19,45.53028869628906,-0.00792463896096296
2019-03-20,45.92815399169922,0.008738475129471013
2019-03-21,47.61970138549805,0.03683029355163181
2019-03-22,46.63357543945313,-0.02070836055988423
2019-03-25,46.06971740722656,-0.012091245994179767
2019-03-26,45.59374618530274,-0.010331542034793584
2019-03-27,46.00382232666016,0.008994131337459743
2019-03-28,46.06484222412109,0.0013264092932896432
2019-03-29,46.36507415771485,0.0065175938763240016
2019-04-01,46.67995834350586,0.0067914090834817475
2019-04-02,47.35852432250977,0.01453655922335062
2019-04-03,47.68317031860352,0.006855069931717583
2019-04-04,47.766151428222656,0.001740259908573183
2019-04-05,48.085914611816406,0.006694346813229224
2019-04-08,48.84260559082031,0.01573622931189833
2019-04-09,48.69614791870117,-0.0029985638634042466
2019-04-10,48.96952438354492,0.005613923822068045
2019-04-11,48.56189346313477,-0.00832417560802623
2019-04-12,48.5423583984375,-0.0004022714788108894
2019-04-15,48.63023376464844,0.0018102821764376387
2019-04-16,48.6351203918457,0.00010048537337725705
2019-04-17,49.58219528198242,0.01947306560580664
2019-04-18,49.76038360595703,0.003593796582850306
2019-04-22,49.92391967773438,0.003286471283508563
2019-04-23,50.64399337768555,0.014423420769028805
2019-04-24,50.56588363647461,-0.0015423298204078062
2019-04-25,50.10699081420898,-0.009075146902695841
2019-04-26,49.86777877807617,-0.0047740251858223726
2019-04-29,49.94344711303711,0.0015173792941065578
2019-04-30,48.981727600097656,-0.01925617009900804
2019-05-01,51.38602828979492,0.04908566535926906
2019-05-02,51.05161666870117,-0.006507831646528794
2019-05-03,51.686256408691406,0.012431334821553675
2019-05-06,50.88808441162109,-0.015442635093535273
2019-05-07,49.51628875732422,-0.026957109314643346
2019-05-08,49.52604675292969,0.0001970663765471503
2019-05-09,48.99393081665039,-0.010744163347699898
2019-05-10,48.31520462036133,-0.013853270904697457
2019-05-13,45.50714492797852,-0.05811958604847578
2019-05-14,46.22753524780274,0.015830268432887484
2019-05-15,46.78129959106445,0.011979101639169265
2019-05-16,46.57547378540039,-0.004399745356868601
2019-05-17,46.31084823608398,-0.005681650186441289
2019-05-20,44.86271667480469,-0.03126981293663611
2019-05-21,45.72277069091797,0.01917079659592469
2019-05-22,44.78675842285156,-0.020471468677910387
2019-05-23,44.02225875854492,-0.01706976997729248
2019-05-24,43.85318374633789,-0.003840670991790307
2019-05-28,43.6718635559082,-0.00413470984178721
2019-05-29,43.46358489990234,-0.004769172621617801
2019-05-30,43.68901443481445,0.005186630035955098
2019-05-31,42.8975715637207,-0.0181153747991869
2019-06-03,42.4638671875,-0.010110231428286598
2019-06-04,44.01735305786133,0.036583711594186274
2019-06-05,44.72793960571289,0.016143327539879238
2019-06-06,45.38462448120117,0.014681760020182288
2019-06-07,46.59263229370117,0.026617115957418003
2019-06-10,47.18806076049805,0.01277945540924863
2019-06-11,47.7344741821289,0.01157948457352731
2019-06-12,47.58255386352539,-0.0031826121729939816
2019-06-13,47.57275772094727,-0.00020587677168848462
2019-06-14,47.22726440429688,-0.007262419359352457
2019-06-17,47.5090446472168,0.005966473952581541
2019-06-18,48.62639617919922,0.0235187118638025
2019-06-19,48.48426818847656,-0.0029228567586806475
2019-06-20,48.87387466430664,0.008035729740532238
2019-06-21,48.70724868774414,-0.0034093056404260746
2019-06-24,48.65824508666992,-0.0010060843589908552
2019-06-25,47.92070388793945,-0.015157579099220775
2019-06-26,48.95718383789063,0.021629063554136074
2019-06-27,48.94247817993164,-0.00030037793856130257
2019-06-28,48.49652099609375,-0.009111863567643153
2019-07-01,49.38598251342773,0.018340728346382118
2019-07-02,49.67512130737305,0.005854673314775294
2019-07-03,50.08677673339844,0.00828695361362497
2019-07-05,50.04266738891602,-0.000880658476332008
2019-07-08,49.01108551025391,-0.020614046622354776
2019-07-09,49.31003189086914,0.006099566608307017
2019-07-10,49.797630310058594,0.009888422304584754
2019-07-11,49.43499755859375,-0.007282128671725063
2019-07-12,49.81478500366211,0.007682562229687662
2019-07-15,50.28280639648438,0.009395230608500338
2019-07-16,50.10882568359375,-0.0034600438073957296
2019-07-17,49.82704544067383,-0.005623365526448154
2019-07-18,50.39306259155274,0.011359637037938297
2019-07-19,49.64081573486328,-0.014927587608369652
2019-07-22,50.77530670166016,0.022853995245692982
2019-07-23,51.17226028442383,0.007817847070743289
2019-07-24,51.13059997558594,-0.0008141189895919387
2019-07-25,50.7263069152832,-0.007907066619515124
2019-07-26,50.90272521972656,0.0034778464108966567
2019-07-29,51.37807846069336,0.009338463489231508
2019-07-30,51.15756225585938,-0.004292029041192746
2019-07-31,52.20138549804688,0.0204040848734528
2019-08-01,51.07179260253906,-0.021639136293615913
2019-08-02,49.99121475219727,-0.021158016887154796
2019-08-05,47.37428665161133,-0.05234775977254924
2019-08-06,48.27109146118164,0.018930201865948515
2019-08-07,48.770957946777344,0.010355400519536317
2019-08-08,49.846641540527344,0.022055822543487258
2019-08-09,49.43588638305664,-0.00824037778225728
2019-08-12,49.31044387817383,-0.002537478622529732
2019-08-13,51.39866638183594,0.042348483189915465
2019-08-14,49.86877822875977,-0.029765133237324992
2019-08-15,49.62035751342773,-0.004981487899953785
2019-08-16,50.7911376953125,0.023594755067372297
2019-08-19,51.73809432983398,0.01864413119080166
2019-08-20,51.74055480957031,4.755644304665907e-05
2019-08-21,52.30134582519531,0.010838519565338656
2019-08-22,52.25707244873047,-0.0008465054917098369
2019-08-23,49.84172439575195,-0.0462205006862606
2019-08-26,50.78867721557617,0.018999198589223054
2019-08-27,50.21558380126953,-0.011283881481577218
2019-08-28,50.55255126953125,0.006710416224478877
2019-08-29,51.40850448608398,0.016931948933477825
2019-08-30,51.34209060668945,-0.0012918850695705641
2019-09-03,50.59436798095703,-0.014563540691406862
2019-09-04,51.45277404785156,0.016966435220964193
2019-09-05,52.45875549316406,0.0195515492396372
2019-09-06,52.45383834838867,-9.373353845631982e-05
2019-09-09,52.67766571044922,0.0042671302827055335
2019-09-10,53.29994201660156,0.011812905863611833
2019-09-11,54.99462127685547,0.03179514266124439
2019-09-12,54.87163925170898,-0.002236255515377983
2019-09-13,53.80416488647461,-0.019454027249625527
2019-09-16,54.08702850341797,0.005257281058821173
2019-09-17,54.28379821777344,0.003638020423751609
2019-09-18,54.792930603027344,0.00937908550929678
2019-09-19,54.34774780273438,-0.008124821859197384
2019-09-20,53.55328750610352,-0.014618090514339377
2019-09-23,53.79678726196289,0.0045468684967588935
2019-09-24,53.54098510742188,-0.004754970836741257
2019-09-25,54.364967346191406,0.015389747445182955
2019-09-26,54.08456802368164,-0.005157720793322773
2019-09-27,53.82139205932617,-0.004866008437753089
2019-09-30,55.08809280395508,0.023535265368696656
2019-10-01,55.2405891418457,0.002768226854999778
2019-10-02,53.85581970214844,-0.025067970150381313
2019-10-03,54.31331253051758,0.00849477049832914
2019-10-04,55.83581161499024,0.02803178472344503
2019-10-07,55.84811782836914,0.00022040000893608358
2019-10-08,55.19385528564453,-0.01171503298885146
2019-10-09,55.84073257446289,0.011720096113427392
2019-10-10,56.59337997436523,0.013478465722108757
2019-10-11,58.09866714477539,0.026598290667424473
2019-10-14,58.01502990722656,-0.001439572397425426
2019-10-15,57.8797607421875,-0.0023316227752596674
2019-10-16,57.6460952758789,-0.004037084177825334
2019-10-17,57.86991500854492,0.0038826520962933486
2019-10-18,58.14786529541016,0.004803018750316079
2019-10-21,59.15630340576172,0.017342650589636577
2019-10-22,59.02102279663086,-0.0022868333777205097
2019-10-23,59.81302261352539,0.013418944290808588
2019-10-24,59.91140365600586,0.0016448097451309263
2019-10-25,60.6492919921875,0.01231632529290061
2019-10-28,61.25681686401367,0.010017015069267998
2019-10-29,59.84008026123047,-0.023127819487066548
2019-10-30,59.83269500732422,-0.00012341651070668647
2019-10-31,61.18548583984375,0.02260955874299042
2019-11-01,62.92198181152344,0.028380847971446244
2019-11-04,63.3351936340332,0.006567050347325409
2019-11-05,63.24419403076172,-0.0014367936379464652
2019-11-06,63.27124786376953,0.00042776785161735553
2019-11-07,64.00148010253906,0.01154129661456671
2019-11-08,64.1766357421875,0.002736743577926859
2019-11-11,64.68483734130861,0.007918794639885318
2019-11-12,64.62561798095703,-0.0009155060565292361
2019-11-13,65.24484252929689,0.009581719567034908
2019-11-14,64.79338836669922,-0.0069193846608635035
2019-11-15,65.56309509277344,0.011879402288981211
2019-11-18,65.89366912841797,0.0050420748925406045
2019-11-19,65.69384002685547,-0.0030325994015154567
2019-11-20,64.92906951904297,-0.011641434075095325
2019-11-21,64.63796997070311,-0.004483346989201498
2019-11-22,64.58121490478516,-0.0008780453028409685
2019-11-25,65.71356964111328,0.01753380976182628
2019-11-26,65.20044708251953,-0.007808471848297138
2019-11-27,66.07623291015625,0.013432205863991964
2019-11-29,65.9306640625,-0.0022030439879068275
2019-12-02,65.16836547851561,-0.011562125072208551
2019-12-03,64.00641632080078,-0.017829957053286716
2019-12-04,64.57135009765625,0.008826205392034714
2019-12-05,65.51866149902344,0.014670769620497293
2019-12-06,66.78425598144531,0.019316549719818887
2019-12-09,65.84926605224611,-0.014000154908650475
2019-12-10,66.23410797119139,0.005844285624078793
2019-12-11,66.79905700683594,0.008529578686109485
2019-12-12,66.96929168701172,0.0025484593316693616
2019-12-13,67.87960052490234,0.013592929161399203
2019-12-16,69.04155731201172,0.017117908445602792
2019-12-17,69.17726135253906,0.001965541418975647
2019-12-18,69.01195526123047,-0.00238960155514345
2019-12-19,69.08103942871094,0.0010010463726026764
2019-12-20,68.93795013427734,-0.002071325151111192
2019-12-23,70.06290435791016,0.016318359066981536
2019-12-24,70.1295166015625,0.0009507491055760209
2019-12-26,71.52090454101562,0.019840261374653778
2019-12-27,71.49375915527344,-0.0003795447766830051
2019-12-30,71.91808319091797,0.005935119941349987
2019-12-31,72.44355773925781,0.00730657054561501
2020-01-02,74.09644317626953,0.022816182537042984
2020-01-03,73.37608337402344,-0.009721921476479212
2020-01-06,73.96076965332031,0.007968349527686325
2020-01-07,73.61293029785156,-0.0047030250915341965
2020-01-08,74.79708099365234,0.016086177944683033
2020-01-09,76.38583374023438,0.021240838886705582
2020-01-10,76.55851745605469,0.0022606772403317432
2020-01-13,78.19414520263672,0.021364412490365803
2020-01-14,77.13825988769531,-0.013503380748074223
2020-01-15,76.80770111083984,-0.004285276558438356
2020-01-16,77.76982116699219,0.012526348819683175
2020-01-17,78.63081359863281,0.011071035251474237
2020-01-21,78.09793853759766,-0.0067769241681154835
2020-01-22,78.37671661376953,0.0035695958355888013
2020-01-23,78.75415802001953,0.004815733837256531
2020-01-24,78.5271987915039,-0.0028818697859473996
2020-01-27,76.21807861328125,-0.02940535526236654
2020-01-28,78.37423706054688,0.02828933091065755
2020-01-29,80.01480102539062,0.02093243936239353
2020-01-30,79.89884948730469,-0.0014491261191681426
2020-01-31,76.3562240600586,-0.04433887909498613
2020-02-03,76.14654541015625,-0.0027460583925341675
2020-02-04,78.66041564941406,0.03301358224088946
2020-02-05,79.30182647705078,0.008154175417727894
2020-02-06,80.22943115234375,0.011697141371156405
2020-02-07,79.13890075683594,-0.013592647733436602
2020-02-10,79.5147705078125,0.004749494210583904
2020-02-11,79.03502655029297,-0.006033394229219224
2020-02-12,80.91194152832031,0.02374788824589058
2020-02-13,80.33575439453125,-0.007121163117651652
2020-02-14,80.35554504394531,0.00024634920731392285
2020-02-18,78.88419342041016,-0.018310517621783262
2020-02-19,80.02664947509766,0.014482699323536519
2020-02-20,79.20565795898438,-0.010258976497182437
2020-02-21,77.41283416748047,-0.022635047011822063
2020-02-24,73.7356948852539,-0.04750038313118954
2020-02-25,71.23809814453125,-0.03387228864675884
2020-02-26,72.36820983886719,0.01586386671978679
2020-02-27,67.63762664794922,-0.06536824942127129
2020-02-28,67.59806060791016,-0.0005849708512837282
2020-03-02,73.89148712158203,0.09310069633766149
2020-03-03,71.54473876953125,-0.031759387223989854
2020-03-04,74.86331176757812,0.04638458473846785
2020-03-05,72.43497467041016,-0.03243694461055935
2020-03-06,71.47303771972656,-0.01328000672410734
2020-03-09,65.82007598876953,-0.07909222710142083
2020-03-10,70.560546875,0.07202165623508705
2020-03-11,68.10993957519531,-0.0347305598997979
2020-03-12,61.383766174316406,-0.09875465229936109
2020-03-13,68.73804473876953,0.11980820048689411
2020-03-16,59.89510726928711,-0.12864691602865508
2020-03-17,62.5286979675293,0.04397004727617593
2020-03-18,60.99800109863281,-0.024479909523965504
2020-03-19,60.53063201904297,-0.007662039266403409
2020-03-20,56.68781661987305,-0.06348546630012009
2020-03-23,55.48352813720703,-0.021244220618718113
2020-03-24,61.0499382019043,0.1003254524645929
2020-03-25,60.713623046875,-0.005508853324585505
2020-03-26,63.90856170654297,0.052623093456327874
2020-03-27,61.26259994506836,-0.04140230496227415
2020-03-30,63.01090621948242,0.028537905279594655
2020-03-31,62.88232040405274,-0.0020406914158921374
2020-04-01,59.57363891601562,-0.05261703872848622
2020-04-02,60.56772613525391,0.01668669628591468
2020-04-03,59.6972770690918,-0.014371499835049373
2020-04-06,64.90511322021484,0.08723741528605489
2020-04-07,64.15337371826172,-0.011582130662072254
2020-04-08,65.79534912109375,0.02559452929230166
2020-04-09,66.27012634277344,0.007215969335551131
2020-04-13,67.57086181640625,0.01962778019925504
2020-04-14,70.98339080810547,0.050502966810919814
2020-04-15,70.33551025390625,-0.009127213377995491
2020-04-16,70.8943862915039,0.007945858863896094
2020-04-17,69.93244171142578,-0.013568698882910124
2020-04-20,68.48087310791016,-0.0207567270352933
2020-04-21,66.36411285400389,-0.030910240448756232
2020-04-22,68.27562713623047,0.02880343306075317
2020-04-23,68.01103210449219,-0.003875395112963753
2020-04-24,69.97447204589844,0.028869433100053854
2020-04-27,70.02394104003906,0.0007069577332170507
2020-04-28,68.88890075683594,-0.016209317361245312
2020-04-29,71.15155792236328,0.032845017712128666
2020-04-30,72.65258026123047,0.021096127515648044
2020-05-01,71.4829330444336,-0.016099183436999454
2020-05-04,72.49432373046875,0.014148701556586651
2020-05-05,73.58238220214844,0.015008878153344174
2020-05-06,74.34153747558594,0.010317079315968813
2020-05-07,75.11060333251953,0.01034503566981182
2020-05-08,76.89836120605469,0.023801671058620633
2020-05-11,78.10838317871094,0.015735341477745024
2020-05-12,77.21574401855469,-0.011428211977117742
2020-05-13,76.2834243774414,-0.012074216896611811
2020-05-14,76.7520751953125,0.006143547195158305
2020-05-15,76.29830932617188,-0.005912099027758133
2020-05-18,78.09599304199219,0.02356125229636863
2020-05-19,77.64471435546875,-0.005778512686057891
2020-05-20,79.1547622680664,0.019448173969504712
2020-05-21,78.56462097167969,-0.007455537474651774
2020-05-22,79.0704574584961,0.0064384767667720055
2020-05-26,78.53487396240234,-0.006773496869862838
2020-05-27,78.87703704833984,0.004356829885552527
2020-05-28,78.91175079345703,0.00044009950698220557
2020-05-29,78.83489990234375,-0.0009738839949759992
2020-06-01,79.80439758300781,0.012297823449576528
2020-06-02,80.17384338378906,0.0046293915118771345
2020-06-03,80.6152114868164,0.005505138389269026
2020-06-04,79.92094421386719,-0.008612112529938099
2020-06-05,82.19717407226562,0.028481018095923405
2020-06-08,82.68315124511719,0.00591233431485505
2020-06-09,85.29412841796875,0.03157810428767083
2020-06-10,87.48853302001953,0.025727498982081043
2020-06-11,83.28816986083984,-0.04801044221667927
2020-06-12,84.00723266601562,0.008633432651686368
2020-06-15,85.04617309570312,0.012367273587239547
2020-06-16,87.30008697509766,0.026502237518179594
2020-06-17,87.1785888671875,-0.0013917295173464517
2020-06-18,87.21330261230469,0.00039819117937400783
2020-06-19,86.71490478515625,-0.005714699618291075
2020-06-22,88.98370361328125,0.02616388536372316
2020-06-23,90.8830337524414,0.021344696411092823
2020-06-24,89.27877044677734,-0.017651955919890994
2020-06-25,90.46399688720705,0.013275568587005404
2020-06-26,87.68441772460938,-0.030725805383807314
2020-06-29,89.70525360107422,0.023046693231306925
2020-06-30,90.4540786743164,0.008347616702275573
2020-07-01,90.2829818725586,-0.0018915321925266904
2020-07-02,90.2829818725586,0.0
2020-07-06,92.69807434082033,0.02675025146678056
2020-07-07,92.41043853759766,-0.003102931805952336
2020-07-08,94.56269073486328,0.023290141582760437
2020-07-09,94.96934509277344,0.0043003678802915335
2020-07-10,95.1354751586914,0.0017493020064072162
2020-07-13,94.69659423828124,-0.004613220459330103
2020-07-14,96.263671875,0.016548405455591997
2020-07-15,96.92570495605467,0.006877288889564959
2020-07-16,95.73303985595705,-0.012304941198399089
2020-07-17,95.53963470458984,-0.0020202549888544974
2020-07-20,97.55303192138672,0.021073947195028975
2020-07-21,96.2066421508789,-0.013801618914241476
2020-07-22,96.4769058227539,0.0028091997167010163
2020-07-23,92.08562469482422,-0.04551639680481967
2020-07-24,91.85750579833984,-0.0024772476403387422
2020-07-27,94.03453826904295,0.023700104327701643
2020-07-28,92.48978424072266,-0.016427517556374727
2020-07-29,94.26265716552734,0.019168310742194494
2020-07-30,95.40326690673828,0.012100335122189554
2020-07-31,105.39090728759766,0.10468866218829609
2020-08-03,108.0465087890625,0.025197633930772234
2020-08-04,108.76805877685548,0.006678142550645916
2020-08-05,109.16229248046876,0.003624535622374969
2020-08-06,112.97089385986328,0.034889349544174886
2020-08-07,110.40242004394533,-0.022735712962526966
2020-08-10,112.00709533691406,0.014534783678926688
2020-08-11,108.67601013183594,-0.029739948126128235
2020-08-12,112.28778839111328,0.03323436566079163
2020-08-13,114.2750015258789,0.01769749999745196
2020-08-14,114.17316436767578,-0.0008911586685043105
2020-08-17,113.87506866455078,-0.002610908655952038
2020-08-18,114.823974609375,0.008332868255996217
2020-08-19,114.96804809570312,0.0012547334893975304
2020-08-20,117.5191421508789,0.022189591781641482
2020-08-21,123.57518768310548,0.051532417794978747
2020-08-24,125.0531768798828,0.011960242379460917
2020-08-25,124.02728271484376,-0.008203663358544167
2020-08-26,125.71392822265624,0.013598987826656694
2020-08-27,124.21109771728516,-0.011954367559888546
2020-08-28,124.00989532470705,-0.001619842319049991
2020-08-31,128.21534729003906,0.033912228974312786
2020-09-01,133.32249450683594,0.039832573281916694
2020-09-02,130.56025695800778,-0.020718465845135592
2020-09-03,120.10748291015624,-0.080060918164503
2020-09-04,120.18698120117188,0.0006618929069981405
2020-09-08,112.0989990234375,-0.06729499399104233
2020-09-09,116.57023620605467,0.039886504086288355
2020-09-10,112.76471710205078,-0.03264571839141761
2020-09-11,111.28424072265624,-0.013128897206869494
2020-09-14,114.62276458740234,0.029999969834600515
2020-09-15,114.80162048339844,0.001560387211387848
2020-09-16,111.41340637207033,-0.029513643597200656
2020-09-17,109.63484954833984,-0.015963579982384735
2020-09-18,106.15721130371094,-0.03172018987535119
2020-09-21,109.3765106201172,0.0303257713429943
2020-09-22,111.09544372558594,0.015715742765271434
2020-09-23,106.43543243408205,-0.04194601628321026
2020-09-24,107.52840423583984,0.010268871716518913
2020-09-25,111.56243896484376,0.03751599177605347
2020-09-28,114.22531127929688,0.02386889654942248
2020-09-29,113.36087799072266,-0.0075677910516747104
2020-09-30,115.06989288330078,0.01507587911164543
2020-10-01,116.04362487792967,0.008462091779440684
2020-10-02,112.29772186279295,-0.03228012757337739
2020-10-05,115.75547790527344,0.030790972293322394
2020-10-06,112.43682861328124,-0.028669479423755306
2020-10-07,114.34455871582033,0.016967128351695226
2020-10-08,114.23526000976562,-0.0009558715104786009
2020-10-09,116.22247314453124,0.017395794736193793
2020-10-12,123.60499572753906,0.06352061166197287
2020-10-13,120.3260726928711,-0.026527431317546868
2020-10-14,120.41551208496094,0.0007433084957251257
2020-10-15,119.93856811523438,-0.003960818348636375
2020-10-16,118.25936889648438,-0.014000494129099983
2020-10-19,115.23880004882812,-0.02554189892811143
2020-10-20,116.759033203125,0.013192025200303492
2020-10-21,116.12312316894533,-0.005446345492372995
2020-10-22,115.01026916503906,-0.009583397117964076
2020-10-23,114.30481719970705,-0.00613381718392203
2020-10-26,114.31475067138672,8.690335125871584e-05
2020-10-27,115.85484313964844,0.01347238619002833
2020-10-28,110.48934936523438,-0.046312209563364015
2020-10-29,114.58302307128906,0.037050392002242694
2020-10-30,108.164306640625,-0.05601804053180359
2020-11-02,108.07488250732422,-0.0008267434616661129
2020-11-03,109.73420715332033,0.015353471662424845
2020-11-04,114.21538543701172,0.040836657956896616
2020-11-05,118.2693099975586,0.035493681915406805
2020-11-06,118.13495635986328,-0.0011359974764212355
2020-11-09,115.77603149414062,-0.019968051272960086
2020-11-10,115.42766571044922,-0.0030089629018683617
2020-11-11,118.9311981201172,0.030352622901138826
2020-11-12,118.65251159667967,-0.0023432583530863527
2020-11-13,118.70227813720705,0.0004194309910314775
2020-11-16,119.73741912841795,0.008720481253227552
2020-11-17,118.83167266845705,-0.007564439475595375
2020-11-18,117.47803497314452,-0.01139121973894286
2020-11-19,118.0851821899414,0.00516817647601675
2020-11-20,116.791259765625,-0.010957534216571863
2020-11-23,113.3175811767578,-0.029742624540895712
2020-11-24,114.63140869140624,0.011594207191901518
2020-11-25,115.48738861083984,0.007467237201437049
2020-11-27,116.04476165771484,0.004826267643414983
2020-11-30,118.4932632446289,0.021099630452395157
2020-12-01,122.14610290527344,0.030827403690480315
2020-12-02,122.5044174194336,0.002933491168670699
2020-12-03,122.36507415771484,-0.0011374549967587688
2020-12-04,121.67830657958984,-0.005612447692711964
2020-12-07,123.1712875366211,0.012269902491243823
2020-12-08,123.79833984375,0.005090896747689477
2020-12-09,121.2104949951172,-0.020903712052189105
2020-12-10,122.66366577148438,0.011988819750515134
2020-12-11,121.83755493164062,-0.0067347639959068895
2020-12-14,121.2104949951172,-0.005146688448198433
2020-12-15,127.2819595336914,0.05009025446863147
2020-12-16,127.21229553222656,-0.000547320309335797
2020-12-17,128.09812927246094,0.006963428625576196
2020-12-18,126.06768035888672,-0.015850730413521585
2020-12-21,127.6303253173828,0.012395286040383757
2020-12-22,131.26325988769528,0.028464509208750766
2020-12-23,130.34756469726562,-0.006976020489001256
2020-12-24,131.35282897949222,0.007712183074239487
2020-12-28,136.05076599121094,0.035765784781477405
2020-12-29,134.23927307128906,-0.01331483073045614
2020-12-30,133.09465026855472,-0.008526735705179811
2020-12-31,132.06947326660156,-0.0077026161448606745
2021-01-04,128.80482482910156,-0.024719175118612213
2021-01-05,130.39732360839844,0.01236365781646609
2021-01-06,126.0079574584961,-0.0336614742422493
2021-01-07,130.30775451660156,0.034123218444531256
2021-01-08,131.43246459960938,0.008631183057217884
2021-01-11,128.3768310546875,-0.023248696996061358
2021-01-12,128.19766235351562,-0.0013956467043150234
2021-01-13,130.27789306640622,0.016226744502986223
2021-01-14,128.30717468261722,-0.015127036041214459
2021-01-15,126.54542541503906,-0.013730715152414863
2021-01-19,127.2322006225586,0.005427104182289311
2021-01-20,131.41256713867188,0.03285619910414472
2021-01-21,136.22991943359378,0.03665823139912061
2021-01-22,138.41964721679688,0.016073765530416395
2021-01-25,142.2516326904297,0.02768382632583255
2021-01-26,142.4905242919922,0.0016793592948236569
2021-01-27,141.39566040039062,-0.007683766320895624
2021-01-28,136.44889831542972,-0.03498524686651017
2021-01-29,131.34288024902344,-0.037420735011012396
2021-02-01,133.51268005371094,0.016520117425273373
2021-02-02,134.35871887207028,0.0063367675491121656
2021-02-03,133.31364440917972,-0.007778240754778509
2021-02-04,136.74749755859378,0.025757702181440134
2021-02-05,136.32383728027344,-0.003098120886188882
2021-02-08,136.47337341308594,0.001096918453850959
2021-02-09,135.57623291015622,-0.006573740213881796
2021-02-10,134.95820617675778,-0.004558518260409206
2021-02-11,134.69905090332028,-0.0019202631746458865
2021-02-12,134.93826293945312,0.0017758999378885143
2021-02-16,132.76524353027344,-0.016103804523960097
2021-02-17,130.4227294921875,-0.017644030740257666
2021-02-18,129.29632568359378,-0.0086365606131652
2021-02-19,129.45582580566406,0.0012336013512139754
2021-02-22,125.5981674194336,-0.02979903269877937
2021-02-23,125.45861053466795,-0.0011111379061733428
2021-02-24,124.95023345947266,-0.004052149733117072
2021-02-25,120.60414123535156,-0.03478258586472138
2021-02-26,120.87328338623048,0.0022316161627793374
2021-03-01,127.38246154785156,0.05385125628483256
2021-03-02,124.7209701538086,-0.020893703589195955
2021-03-03,121.67072296142578,-0.024456570443776915
2021-03-04,119.74687957763672,-0.015811884214734118
2021-03-05,121.03276824951172,0.010738389813667704
2021-03-08,115.98890686035156,-0.04167351918087281
2021-03-09,120.70381927490234,0.04064968402734803
2021-03-10,119.59737396240234,-0.009166613941022694
2021-03-11,121.571044921875,0.016502627892926114
2021-03-12,120.64401245117188,-0.007625438041590105
2021-03-15,123.59457397460938,0.024456758885001983
2021-03-16,125.1695327758789,0.01274294453729885
2021-03-17,124.36212158203124,-0.006450540925908688
2021-03-18,120.1456069946289,-0.033905135532936725
2021-03-19,119.60733032226562,-0.004480202695944957
2021-03-22,122.99649047851562,0.02833572279490193
2021-03-23,122.14920043945312,-0.006888733457077745
2021-03-24,119.7070083618164,-0.019993516689839175
2021-03-25,120.20541381835938,0.004163544502227667
2021-03-26,120.8234405517578,0.005141421785979761
2021-03-29,121.00286102294922,0.001484980649218981
2021-03-30,119.51761627197266,-0.01227445978070607
2021-03-31,121.76044464111328,0.018765671865784928
2021-04-01,122.60772705078124,0.006958601474931436
2021-04-05,125.4984893798828,0.023577325823064044
2021-04-06,125.8074951171875,0.002462226747362184
2021-04-07,127.49210357666016,0.013390366431693668
2021-04-08,129.94425964355472,0.01923378780412155
2021-04-09,132.57583618164062,0.02025157975661629
2021-04-12,130.82145690917972,-0.013233024380530756
2021-04-13,134.00126647949222,0.024306483396833167
2021-04-14,131.60893249511722,-0.017853069953940537
2021-04-15,134.07106018066406,0.018707907122019973
2021-04-16,133.73214721679688,-0.0025278606987256813
2021-04-19,134.40995788574222,0.00506841984557771
2021-04-20,132.68550109863278,-0.01282982908584307
2021-04-21,133.07423400878906,0.002929731635616495
2021-04-22,131.51922607421878,-0.011685266844876807
2021-04-23,133.89163208007812,0.018038472979764686
2021-04-26,134.29035949707028,0.0029779860832055416
2021-04-27,133.96139526367188,-0.0024496489147128875
2021-04-28,133.15399169921878,-0.0060271361227904885
2021-04-29,133.05430603027344,-0.0007486494972717139
2021-04-30,131.04075622558594,-0.015133293049751861
2021-05-03,132.11729431152344,0.008215292073591618
2021-05-04,127.4422607421875,-0.035385477682524535
2021-05-05,127.69147491455078,0.0019555065243814784
2021-05-06,129.32623291015622,0.012802405146462581
2021-05-07,130.01521301269528,0.0053274582196922715
2021-05-10,126.66022491455078,-0.025804581020967943
2021-05-11,125.72164154052734,-0.007410245597279208
2021-05-12,122.58633422851562,-0.024938485320373682
2021-05-13,124.78304290771484,0.01791968650522091
2021-05-14,127.25933074951172,0.019844746402187363
2021-05-17,126.08109283447266,-0.009258558159151553
2021-05-18,124.66322326660156,-0.01124569541709608
2021-05-19,124.5034637451172,-0.0012815288847674022
2021-05-20,127.11953735351562,0.0210120548433419
2021-05-21,125.24235534667967,-0.014767061349630017
2021-05-24,126.90985107421876,0.013314151773362592
2021-05-25,126.7101593017578,-0.0015734930800933578
2021-05-26,126.66022491455078,-0.0003940835327032044
2021-05-27,125.0925750732422,-0.012376812392099978
2021-05-28,124.423583984375,-0.005347968002701209
2021-06-01,124.09407043457033,-0.0026483206740456344
2021-06-02,124.8729019165039,0.0062761377655367045
2021-06-03,123.35518646240234,-0.01215408171675536
2021-06-04,125.70166778564452,0.019022153754008286
2021-06-07,125.71165466308594,7.944904484835646e-05
2021-06-08,126.5503921508789,0.006671915106366555
2021-06-09,126.93981170654295,0.0030771896399954812
2021-06-10,125.9213409423828,-0.008023257246628335
2021-06-11,127.15947723388672,0.00983261679265679
2021-06-14,130.2847900390625,0.024577899132341763
2021-06-15,129.44606018066406,-0.006437665195967779
2021-06-16,129.95529174804688,0.003933928670150966
2021-06-17,131.59283447265622,0.012600816038981888
2021-06-18,130.26483154296878,-0.01009175716146904
2021-06-21,132.10208129882812,0.014103958329330979
2021-06-22,133.77955627441406,0.012698323592580829
2021-06-23,133.49998474121094,-0.002089792648359956
2021-06-24,133.21041870117188,-0.0021690342556995867
2021-06-25,132.91087341308594,-0.002248662612178265
2021-06-28,134.578369140625,0.012545969225230325
2021-06-29,136.12605285644528,0.011500241277281775
2021-06-30,136.75511169433594,0.004621149476463859
2021-07-01,137.06465148925778,0.002263460510446569
2021-07-02,139.75062561035156,0.019596402806337565
2021-07-06,141.8075408935547,0.014718469232031683
2021-07-07,144.35372924804688,0.017955239463629313
2021-07-08,143.0257110595703,-0.00919974977712279
2021-07-09,144.89291381835938,0.013055014689011823
2021-07-12,144.28382873535156,-0.004203691312132607
2021-07-13,145.422119140625,0.007889244520682404
2021-07-14,148.92686462402344,0.02410049794425917
2021-07-15,148.25787353515625,-0.0044920779777114506
2021-07-16,146.17098999023438,-0.014076038561466442
2021-07-19,142.2368927001953,-0.026914350722410108
2021-07-20,145.9313507080078,0.025973978604830972
2021-07-21,145.18247985839844,-0.00513166530684539
2021-07-22,146.58038330078125,0.009628595983111943
2021-07-23,148.33775329589844,0.011989121296750005
2021-07-26,148.76712036132812,0.0028945231803072513
2021-07-27,146.55043029785156,-0.01490040311389118
2021-07-28,144.7631072998047,-0.012195958718198896
2021-07-29,145.422119140625,0.004552346610352087
2021-07-30,145.64178466796875,0.0015105372459283117
2021-08-02,145.30230712890625,-0.002330907574611518
2021-08-03,147.13954162597656,0.012644221095817754
2021-08-04,146.73016357421875,-0.0027822436255675598
2021-08-05,146.83999633789062,0.0007485356861631765
2021-08-06,146.13999938964844,-0.004767072771041492
2021-08-09,146.08999633789062,-0.0003421585600564825
2021-08-10,145.60000610351562,-0.00335403002709167
2021-08-11,145.86000061035156,0.00178567648308392
2021-08-12,148.88999938964844,0.020773335846824503
2021-08-13,149.10000610351562,0.0014104823341263284
2021-08-16,151.1199951171875,0.013547880154139325
2021-08-17,150.19000244140625,-0.006154001494375949
2021-08-18,146.36000061035156,-0.025501043803157875
2021-08-19,146.6999969482422,0.002323014050784167
