Date,Adj Close
2017-01-03,26.718080520629893
2017-01-04,27.143218994140625
2017-01-05,27.053285598754893
2017-01-06,26.8815975189209
2017-01-09,26.59544944763184
2017-01-10,26.35835647583008
2017-01-11,26.137609481811523
2017-01-12,26.16214179992676
2017-01-13,26.14578628540039
2017-01-17,26.17030906677246
2017-01-18,26.2520751953125
2017-01-19,26.07220458984375
2017-01-20,26.21119499206543
2017-01-23,26.42376136779785
2017-01-24,26.50551605224609
2017-01-25,26.538219451904297
2017-01-26,26.472814559936523
2017-01-27,26.18666648864746
2017-01-30,25.77788352966309
2017-01-31,25.71247863769531
2017-02-01,25.524436950683597
2017-02-02,25.704301834106445
2017-02-03,26.21936798095703
2017-02-06,26.00680160522461
2017-02-07,25.71247863769531
2017-02-08,25.78606414794922
2017-02-09,26.10491180419922
2017-02-10,26.46463966369629
2017-02-13,26.55456924438477
2017-02-14,26.38288688659668
2017-02-15,26.44828796386719
2017-02-16,26.69355773925781
2017-02-17,26.88977241516113
2017-02-21,27.12686920166016
2017-02-22,27.135047912597656
2017-02-23,27.143218994140625
2017-02-24,27.16774559020996
2017-02-27,27.200448989868164
2017-02-28,26.74260902404785
2017-03-01,26.947004318237305
2017-03-02,26.53004264831543
2017-03-03,26.52186584472656
2017-03-06,26.20301818847656
2017-03-07,26.031328201293945
2017-03-08,25.524436950683597
2017-03-09,24.829504013061523
2017-03-10,24.96849632263184
2017-03-13,24.89418029785156
2017-03-14,25.1005973815918
2017-03-15,25.620779037475582
2017-03-16,25.719860076904297
2017-03-17,25.79416847229004
2017-03-20,25.68683433532715
2017-03-21,25.620779037475582
2017-03-22,25.46389961242676
2017-03-23,25.78591537475586
2017-03-24,25.695091247558597
2017-03-27,25.406105041503903
2017-03-28,25.356557846069336
2017-03-29,25.46389961242676
2017-03-30,25.645551681518555
2017-03-31,25.82719993591309
2017-04-03,25.901508331298828
2017-04-04,26.000587463378903
2017-04-05,25.93453598022461
2017-04-06,26.22352409362793
2017-04-07,26.47122573852539
2017-04-10,26.50425148010254
2017-04-11,26.85929298400879
2017-04-12,26.79323959350586
2017-04-13,26.64461898803711
2017-04-17,26.85929298400879
2017-04-18,26.81800651550293
2017-04-19,26.83452224731445
2017-04-20,26.90883445739746
2017-04-21,26.917089462280277
2017-04-24,26.57855987548828
2017-04-25,26.69415664672852
2017-04-26,26.48773956298828
2017-04-27,26.42993927001953
2017-04-28,26.149213790893555
2017-05-01,26.363887786865234
2017-05-02,26.347373962402344
2017-05-03,25.752885818481445
2017-05-04,25.596010208129893
2017-05-05,25.80242729187012
2017-05-08,25.620779037475582
2017-05-09,25.340049743652344
2017-05-10,25.81894111633301
2017-05-11,25.620779037475582
2017-05-12,25.58774757385254
2017-05-15,25.884994506835927
2017-05-16,25.984073638916016
2017-05-17,26.03361320495605
2017-05-18,26.61158943176269
2017-05-19,26.768468856811523
2017-05-22,26.925352096557607
2017-05-23,26.90058135986328
2017-05-24,26.99966239929199
2017-05-25,26.98314476013184
2017-05-26,26.79323959350586
2017-05-30,26.53727912902832
2017-05-31,26.677644729614247
2017-06-01,26.925352096557607
2017-06-02,27.13176727294922
2017-06-05,27.156538009643555
2017-06-06,26.917089462280277
2017-06-07,26.94186019897461
2017-06-08,26.925352096557607
2017-06-09,27.11524772644043
2017-06-12,27.346445083618164
2017-06-13,27.2797908782959
2017-06-14,27.36310768127441
2017-06-15,27.238126754760746
2017-06-16,26.81318473815918
2017-06-19,26.67986869812012
2017-06-20,26.49655532836914
2017-06-21,26.85484313964844
2017-06-22,27.14647102355957
2017-06-23,27.14647102355957
2017-06-26,27.21312713623047
2017-06-27,26.96316337585449
2017-06-28,27.01315116882324
2017-06-29,26.7298583984375
2017-06-30,26.579877853393555
2017-07-03,26.92150115966797
2017-07-05,26.60487365722656
2017-07-06,26.171600341796875
2017-07-07,26.13826942443848
2017-07-10,26.088275909423828
2017-07-11,25.913299560546875
2017-07-12,26.271581649780277
2017-07-13,26.363237380981445
2017-07-14,26.62986946105957
2017-07-17,26.913169860839844
2017-07-18,26.99648666381836
2017-07-19,27.09647750854492
2017-07-20,26.84650802612305
2017-07-21,26.304912567138672
2017-07-24,26.42156219482422
2017-07-25,26.713191986083984
2017-07-26,26.77985000610352
2017-07-27,26.87150764465332
2017-07-28,27.56308364868164
2017-07-31,27.85471153259277
2017-08-01,28.179670333862305
2017-08-02,27.796388626098643
2017-08-03,27.60474395751953
2017-08-04,27.55474853515625
2017-08-07,27.42975997924805
2017-08-08,27.204795837402344
2017-08-09,27.07148742675781
2017-08-10,27.25478935241699
2017-08-11,27.09647750854492
2017-08-14,27.5714111328125
2017-08-15,27.463096618652344
2017-08-16,27.804718017578125
2017-08-17,27.30478286743164
2017-08-18,27.229793548583984
2017-08-21,27.39643669128418
2017-08-22,27.454763412475582
2017-08-23,27.454763412475582
2017-08-24,27.32144927978516
2017-08-25,27.438098907470703
2017-08-28,27.33811378479004
2017-08-29,27.09647750854492
2017-08-30,27.15480232238769
2017-08-31,27.37977409362793
2017-09-01,27.446428298950195
2017-09-05,27.2797908782959
2017-09-06,27.48809242248535
2017-09-07,27.32978439331055
2017-09-08,27.32978439331055
2017-09-11,27.60474395751953
2017-09-12,27.446428298950195
2017-09-13,27.35477638244629
2017-09-14,27.59023475646973
2017-09-15,27.573413848876957
2017-09-18,27.07727813720703
2017-09-19,27.12773132324219
2017-09-20,27.12773132324219
2017-09-21,27.33795738220215
2017-09-22,27.413637161254893
2017-09-25,27.84250450134277
2017-09-26,27.80886650085449
2017-09-27,27.792049407958984
2017-09-28,27.817279815673828
2017-09-29,27.54818725585937
2017-10-02,27.775224685668945
2017-10-03,27.775224685668945
2017-10-04,27.74159240722656
2017-10-05,27.86772918701172
2017-10-06,27.91818809509277
2017-10-09,27.94341278076172
2017-10-10,27.95182609558105
2017-10-11,28.01909255981445
2017-10-12,28.10318374633789
2017-10-13,28.1200008392334
2017-10-16,28.31341361999512
2017-10-17,28.09477996826172
2017-10-18,28.027502059936523
2017-10-19,27.85932159423828
2017-10-20,27.51455307006836
2017-10-23,27.388412475585927
2017-10-24,27.27068328857422
2017-10-25,27.32114791870117
2017-10-26,27.144550323486328
2017-10-27,27.43886947631836
2017-10-30,27.03523254394531
2017-10-31,27.068866729736328
2017-11-01,27.29591178894043
2017-11-02,27.55659484863281
2017-11-03,27.27909469604492
2017-11-06,27.62386703491211
2017-11-07,27.573413848876957
2017-11-08,27.825685501098643
2017-11-09,27.665912628173828
2017-11-10,27.62386703491211
2017-11-13,27.682729721069336
2017-11-14,27.61545562744141
2017-11-15,27.396825790405277
2017-11-16,27.55659484863281
2017-11-17,27.36318588256836
2017-11-20,27.23705101013184
2017-11-21,27.45568656921387
2017-11-22,27.396825790405277
2017-11-24,27.3800048828125
2017-11-27,27.287508010864247
2017-11-28,27.245460510253903
2017-11-29,27.23705101013184
2017-11-30,27.17818832397461
2017-12-01,27.11932373046875
2017-12-04,27.08568572998047
2017-12-05,26.72409629821777
2017-12-06,26.52227783203125
2017-12-07,26.36250305175781
2017-12-08,26.74932289123535
2017-12-11,26.65682411193848
2017-12-12,26.732505798339844
2017-12-13,27.152963638305664
2017-12-14,27.19500732421875
2017-12-15,27.3800048828125
2017-12-18,27.4472770690918
2017-12-19,26.86166763305664
2017-12-20,26.564617156982425
2017-12-21,26.360929489135746
2017-12-22,26.26756858825684
2017-12-26,26.428821563720703
2017-12-27,26.46277236938477
2017-12-28,26.556133270263672
2017-12-29,26.411849975585927
2018-01-02,25.53767967224121
2018-01-03,25.62255096435547
2018-01-04,24.96904373168945
2018-01-05,24.892662048339844
2018-01-08,25.079376220703125
2018-01-09,24.71443176269531
2018-01-10,24.53620147705078
2018-01-11,24.57015037536621
2018-01-12,24.493764877319336
2018-01-16,24.493764877319336
2018-01-17,24.60409545898437
2018-01-18,24.26461601257324
2018-01-19,24.47679710388184
2018-01-22,24.519227981567383
2018-01-23,24.78232955932617
2018-01-24,24.655017852783203
2018-01-25,24.773839950561523
2018-01-26,24.425870895385746
2018-01-29,24.154279708862305
2018-01-30,23.89967155456543
2018-01-31,24.32402610778809
2018-02-01,23.738414764404297
2018-02-02,23.77236175537109
2018-02-05,22.68601226806641
2018-02-06,22.482318878173828
2018-02-07,22.57568168640137
2018-02-08,21.998559951782227
2018-02-09,22.431400299072266
2018-02-12,22.27863311767578
2018-02-13,22.338041305541992
2018-02-14,21.956127166748047
2018-02-15,22.55021858215332
2018-02-16,22.57568168640137
2018-02-20,22.202245712280277
2018-02-21,21.964609146118164
2018-02-22,22.091920852661133
2018-02-23,22.11737632751465
2018-02-26,22.21922302246093
2018-02-27,21.61663818359375
2018-02-28,21.455385208129886
2018-03-01,21.57420539855957
2018-03-02,21.591176986694336
2018-03-05,21.75243186950684
2018-03-06,21.9306640625
2018-03-07,22.151329040527344
2018-03-08,22.19375991821289
2018-03-09,22.618120193481445
2018-03-12,22.7199649810791
2018-03-13,22.66904067993164
2018-03-14,22.72912406921387
2018-03-15,22.72054100036621
2018-03-16,22.875043869018555
2018-03-19,22.89221000671387
2018-03-20,22.96946144104004
2018-03-21,23.00379753112793
2018-03-22,22.93512535095215
2018-03-23,22.480201721191406
2018-03-26,22.849292755126957
2018-03-27,22.840709686279297
2018-03-28,23.45013999938965
2018-03-29,23.432971954345703
2018-04-02,23.0552978515625
2018-04-03,23.287050247192383
2018-04-04,23.759145736694336
2018-04-05,23.716228485107425
2018-04-06,23.61322593688965
2018-04-09,23.49305534362793
2018-04-10,23.60463905334473
2018-04-11,23.84498405456543
2018-04-12,23.48447608947754
2018-04-13,23.67331123352051
2018-04-16,23.879314422607425
2018-04-17,24.171152114868164
2018-04-18,24.14539909362793
2018-04-19,23.776308059692383
2018-04-20,23.621809005737305
2018-04-23,23.52738952636719
2018-04-24,23.973731994628903
2018-04-25,23.93081283569336
2018-04-26,24.3599910736084
2018-04-27,24.77199935913086
2018-04-30,24.65182876586914
2018-05-01,24.74624443054199
2018-05-02,24.6604118347168
2018-05-03,24.7376651763916
2018-05-04,24.84925079345703
2018-05-07,25.123920440673828
2018-05-08,25.106752395629893
2018-05-09,25.16683959960937
2018-05-10,24.97800254821777
2018-05-11,24.8234977722168
2018-05-14,24.50590896606445
2018-05-15,24.09390068054199
2018-05-16,23.93081283569336
2018-05-17,23.73339462280273
2018-05-18,23.990896224975582
2018-05-21,24.36856842041016
2018-05-22,24.29132080078125
2018-05-23,24.591745376586918
2018-05-24,24.548828125
2018-05-25,24.65182876586914
2018-05-29,24.68616485595703
2018-05-30,24.93508529663086
2018-05-31,24.61749839782715
2018-06-01,24.50590896606445
2018-06-04,24.7376651763916
2018-06-05,25.003751754760746
2018-06-06,25.05525207519531
2018-06-07,25.106752395629893
2018-06-08,25.175426483154297
2018-06-11,25.18400573730469
2018-06-12,25.32992744445801
2018-06-13,24.797748565673828
2018-06-14,25.25745010375977
2018-06-15,25.361534118652344
2018-06-18,25.37020301818848
2018-06-19,25.248779296875
2018-06-20,25.578372955322266
2018-06-21,25.62173843383789
2018-06-22,25.734493255615234
2018-06-25,25.95133209228516
2018-06-26,25.977357864379893
2018-06-27,25.84724998474121
2018-06-28,26.11613273620605
2018-06-29,26.30695533752441
2018-07-02,26.098785400390625
2018-07-03,26.324298858642567
2018-07-05,26.74930191040039
2018-07-06,26.94012260437012
2018-07-09,26.645219802856445
2018-07-10,26.627872467041016
2018-07-11,26.74062728881836
2018-07-12,26.688587188720703
2018-07-13,26.70593643188477
2018-07-16,26.28092765808105
2018-07-17,25.96000671386719
2018-07-18,25.916637420654297
2018-07-19,26.385011672973643
2018-07-20,26.133480072021484
2018-07-23,26.003374099731445
2018-07-24,25.977357864379893
2018-07-25,26.15949821472168
2018-07-26,25.94266128540039
2018-07-27,25.743167877197266
2018-07-30,25.803882598876957
2018-07-31,26.44572639465332
2018-08-01,26.52379035949707
2018-08-02,26.50644302368164
2018-08-03,26.679914474487305
2018-08-06,26.757976531982425
2018-08-07,26.645219802856445
2018-08-08,26.59317970275879
2018-08-09,26.619199752807607
2018-08-10,26.60184860229492
2018-08-13,26.54981231689453
2018-08-14,26.83604049682617
2018-08-15,27.000837326049805
2018-08-16,27.209003448486328
2018-08-17,27.54726982116699
2018-08-20,27.28706359863281
2018-08-21,27.39114570617676
2018-08-22,27.01818084716797
2018-08-23,26.94879531860352
2018-08-24,27.11359214782715
2018-08-27,27.061553955078125
2018-08-28,27.304412841796875
2018-08-29,27.33910369873047
2018-08-30,27.26104164123535
2018-08-31,27.37379646301269
2018-09-04,27.14828872680664
2018-09-05,27.486557006835927
2018-09-06,27.53860092163086
2018-09-07,26.983488082885746
2018-09-10,26.983488082885746
2018-09-11,26.94879531860352
2018-09-12,27.11359214782715
2018-09-13,27.148622512817383
2018-09-14,26.93844223022461
2018-09-17,26.973466873168945
2018-09-18,26.885894775390625
2018-09-19,26.5531063079834
2018-09-20,27.01725959777832
2018-09-21,27.07855987548828
2018-09-24,26.798320770263672
2018-09-25,26.78080368041992
2018-09-26,26.27286148071289
2018-09-27,26.290382385253903
2018-09-28,26.84210777282715
2018-10-01,26.54434967041016
2018-10-02,26.62316131591797
2018-10-03,26.290382385253903
2018-10-04,25.948829650878903
2018-10-05,25.475919723510746
2018-10-08,25.84374046325684
2018-10-09,25.77367782592773
2018-10-10,25.265735626220703
2018-10-11,24.591398239135746
2018-10-12,24.29364013671875
2018-10-15,24.46879196166992
2018-10-16,24.96797752380371
2018-10-17,24.819093704223643
2018-10-18,24.67021751403809
2018-10-19,24.77530860900879
2018-10-22,24.495065689086918
2018-10-23,25.06431007385254
2018-10-24,25.42337226867676
2018-10-25,25.545978546142567
2018-10-26,24.60891532897949
2018-10-29,24.87164306640625
2018-10-30,24.819093704223643
2018-10-31,24.40748786926269
2018-11-01,24.36370086669922
2018-11-02,24.40748786926269
2018-11-05,24.95921897888184
2018-11-06,25.04679298400879
2018-11-07,25.36206817626953
2018-11-08,25.265735626220703
2018-11-09,25.07306671142578
2018-11-12,24.985492706298828
2018-11-13,25.23070335388184
2018-11-14,24.95921897888184
2018-11-15,24.985492706298828
2018-11-16,25.335798263549805
2018-11-19,25.256977081298828
2018-11-20,25.01176452636719
2018-11-21,24.92418670654297
2018-11-23,24.85412788391113
2018-11-26,24.985492706298828
2018-11-27,23.53172874450684
2018-11-28,23.64557647705078
2018-11-29,23.78569793701172
2018-11-30,23.610544204711918
2018-12-03,23.82948875427246
2018-12-04,23.22521209716797
2018-12-06,23.522968292236328
2018-12-07,23.6630916595459
2018-12-10,23.33030128479004
2018-12-11,23.28651428222656
2018-12-12,22.91869735717773
2018-12-13,22.81360054016113
2018-12-14,22.56839179992676
2018-12-17,22.02541732788086
2018-12-18,22.13926315307617
2018-12-19,21.660675048828125
2018-12-20,21.26184844970703
2018-12-21,21.12890815734864
2018-12-24,20.278076171875
2018-12-26,20.96937370300293
2018-12-27,20.78325462341309
2018-12-28,20.4553337097168
2018-12-31,20.384429931640625
2019-01-02,20.171724319458008
2019-01-03,20.304664611816406
2019-01-04,20.703493118286133
2019-01-07,20.756669998168945
2019-01-08,21.30616569519043
2019-01-09,21.323888778686523
2019-01-10,21.5543212890625
2019-01-11,21.412517547607425
2019-01-14,21.332752227783203
2019-01-15,21.412517547607425
2019-01-16,21.42137718200684
2019-01-17,21.43024253845215
2019-01-18,21.45682716369629
2019-01-22,21.35934066772461
2019-01-23,21.26184844970703
2019-01-24,21.25298500061035
2019-01-25,21.793615341186523
2019-01-28,21.80248069763184
2019-01-29,22.068363189697266
2019-01-30,22.29879379272461
2019-01-31,22.467191696166992
2019-02-01,22.14813041687012
2019-02-04,22.768524169921875
2019-02-05,22.81283760070801
2019-02-06,22.74193572998047
2019-02-07,23.22052955627441
2019-02-08,22.81283760070801
2019-02-11,22.88373947143555
2019-02-12,22.901466369628903
2019-02-13,22.93691825866699
2019-02-14,22.99009323120117
2019-02-15,23.77001571655273
2019-02-19,23.849782943725582
2019-02-20,23.8586483001709
2019-02-21,23.80547142028809
2019-02-22,23.982725143432607
2019-02-25,23.80547142028809
2019-02-26,23.68139266967773
2019-02-27,23.44209671020508
2019-02-28,23.477548599243164
2019-03-01,23.36232948303223
2019-03-04,24.89559364318848
2019-03-05,24.93990898132324
2019-03-06,24.60312271118164
2019-03-07,24.142253875732425
2019-03-08,24.15111923217773
2019-03-11,24.60312271118164
2019-03-12,24.62971115112305
2019-03-13,24.72719955444336
2019-03-14,24.76303482055664
2019-03-15,24.682403564453125
2019-03-18,24.780954360961918
2019-03-19,24.548015594482425
2019-03-20,24.77199745178223
2019-03-21,25.228912353515625
2019-03-22,24.88846778869629
2019-03-25,24.789913177490234
2019-03-26,25.13036346435547
2019-03-27,25.237871170043945
2019-03-28,25.506649017333984
2019-03-29,25.426013946533203
2019-04-01,25.784379959106445
2019-04-02,25.97252082824707
2019-04-03,25.82917404174805
2019-04-04,25.721664428710927
2019-04-05,26.42047691345215
2019-04-08,26.09794807434082
2019-04-09,25.52456283569336
2019-04-10,25.90085029602051
2019-04-11,25.891889572143555
2019-04-12,25.891889572143555
2019-04-15,25.658950805664062
2019-04-16,25.067649841308597
2019-04-17,24.88846778869629
2019-04-18,24.906383514404297
2019-04-22,24.467384338378903
2019-04-23,25.175159454345703
2019-04-24,25.48872947692871
2019-04-25,25.085567474365234
2019-04-26,25.30058670043945
2019-04-29,25.255788803100582
2019-04-30,25.30058670043945
2019-05-01,25.202035903930664
2019-05-02,24.987016677856445
2019-05-03,25.408098220825195
2019-05-06,25.408098220825195
2019-05-07,24.780954360961918
2019-05-08,24.718242645263672
2019-05-09,24.67344856262207
2019-05-10,24.879505157470703
2019-05-13,24.718242645263672
2019-05-14,24.485300064086918
2019-05-15,24.57489585876465
2019-05-16,24.63761138916016
2019-05-17,24.243408203125
2019-05-20,23.822328567504893
2019-05-21,24.00151252746582
2019-05-22,24.07318687438965
2019-05-23,24.05526733398437
2019-05-24,24.16277503967285
2019-05-28,23.876087188720703
2019-05-29,23.58043098449707
2019-05-30,23.517717361450195
2019-05-31,23.84024810791016
2019-06-03,24.019428253173828
2019-06-04,24.21652984619141
2019-06-05,24.60177230834961
2019-06-06,24.6555290222168
2019-06-07,24.61073303222656
2019-06-10,24.4494686126709
2019-06-11,24.548015594482425
2019-06-12,24.55697822570801
2019-06-13,24.98271751403809
2019-06-14,24.83778381347656
2019-06-17,25.11858940124512
2019-06-18,25.17293930053711
2019-06-19,25.6258544921875
2019-06-20,25.616796493530277
2019-06-21,25.0551815032959
2019-06-24,24.69285011291504
2019-06-25,24.38487434387207
2019-06-26,23.868549346923828
2019-06-27,24.104063034057607
2019-06-28,24.2127628326416
2019-07-01,24.28522872924805
2019-07-02,24.7924919128418
2019-07-03,24.92836761474609
2019-07-05,24.97365951538086
2019-07-08,25.01894950866699
2019-07-09,25.0551815032959
2019-07-10,25.426570892333984
2019-07-11,25.154823303222656
2019-07-12,25.13670539855957
2019-07-15,25.21823310852051
2019-07-16,25.16388511657715
2019-07-17,24.91930961608887
2019-07-18,24.92836761474609
2019-07-19,24.575092315673828
2019-07-22,24.5207462310791
2019-07-23,24.855899810791016
2019-07-24,25.082359313964844
2019-07-25,24.828725814819336
2019-07-26,24.738142013549805
2019-07-29,24.66567611694336
2019-07-30,24.66567611694336
2019-07-31,24.41204643249512
2019-08-01,24.022541046142567
2019-08-02,23.895721435546875
2019-08-05,23.152944564819336
2019-08-06,23.25258636474609
2019-08-07,23.406578063964844
2019-08-08,23.995363235473643
2019-08-09,23.83231544494629
2019-08-12,23.6873836517334
2019-08-13,23.80514144897461
2019-08-14,23.5515079498291
2019-08-15,23.6873836517334
2019-08-16,24.06783103942871
2019-08-19,24.149354934692383
2019-08-20,23.93195724487305
2019-08-21,23.77796745300293
2019-08-22,23.9500732421875
2019-08-23,23.642093658447266
2019-08-26,23.696441650390625
2019-08-27,23.41563606262207
2019-08-28,23.49715805053711
2019-08-29,23.75985145568848
2019-08-30,23.995363235473643
2019-09-03,23.98630714416504
2019-09-04,24.23088073730469
2019-09-05,24.39392852783203
2019-09-06,24.51168632507324
2019-09-09,24.5207462310791
2019-09-10,24.864959716796875
2019-09-11,25.38128089904785
2019-09-12,25.56244659423828
2019-09-13,25.44342422485352
2019-09-16,25.50751495361328
2019-09-17,25.48920249938965
2019-09-18,25.19622230529785
2019-09-19,25.214534759521484
2019-09-20,24.96733283996582
2019-09-23,25.10466766357422
2019-09-24,24.857465744018555
2019-09-25,25.049734115600582
2019-09-26,25.15044212341309
2019-09-27,25.15960121154785
2019-09-30,25.049734115600582
2019-10-01,24.811687469482425
2019-10-02,24.98564529418945
2019-10-03,25.15044212341309
2019-10-04,25.397647857666016
2019-10-07,25.580759048461918
2019-10-08,25.562448501586918
2019-10-09,25.71809196472168
2019-10-10,25.562448501586918
2019-10-11,26.14840507507324
2019-10-14,25.77302551269531
2019-10-15,25.81880760192871
2019-10-16,26.06600570678711
2019-10-17,26.413917541503903
2019-10-18,26.413917541503903
2019-10-21,26.8533878326416
2019-10-22,26.74351692199707
2019-10-23,26.8533878326416
2019-10-24,27.05481147766113
2019-10-25,27.530900955200195
2019-10-28,27.61330223083496
2019-10-29,27.503437042236328
2019-10-30,28.565486907958984
2019-10-31,28.40068435668945
2019-11-01,28.547176361083984
2019-11-04,28.72113037109375
2019-11-05,28.51970863342285
2019-11-06,28.34575080871582
2019-11-07,28.14432716369629
2019-11-08,28.171794891357425
2019-11-11,28.15348243713379
2019-11-12,27.85134696960449
2019-11-13,27.74147987365723
2019-11-14,27.787261962890625
2019-11-15,27.878814697265625
2019-11-18,28.14432716369629
2019-11-19,28.36406135559082
2019-11-20,28.08939552307129
2019-11-21,27.74147987365723
2019-11-22,27.76894950866699
2019-11-25,28.14432716369629
2019-11-26,28.29997062683105
2019-11-27,28.464771270751957
2019-11-29,28.446460723876957
2019-12-02,28.043615341186523
2019-12-03,27.91543388366699
2019-12-04,27.787261962890625
2019-12-05,27.96121597290039
2019-12-06,28.22672843933105
2019-12-09,28.26335144042969
2019-12-10,28.16263771057129
2019-12-11,27.51258850097656
2019-12-12,27.2012996673584
2019-12-13,27.100589752197266
2019-12-16,27.009033203125
2019-12-17,26.8442325592041
2019-12-18,26.80760765075684
2019-12-19,26.82591819763184
2019-12-20,26.9924259185791
2019-12-23,26.87217140197754
2019-12-24,26.788917541503903
2019-12-26,26.724164962768555
2019-12-27,26.67791557312012
2019-12-30,26.9924259185791
2019-12-31,26.9924259185791
2020-01-02,26.84441947937012
2020-01-03,27.23293495178223
2020-01-06,27.297687530517567
2020-01-07,27.20518493652344
2020-01-08,27.269933700561523
2020-01-09,27.15893173217773
2020-01-10,27.41794013977051
2020-01-13,27.89895439147949
2020-01-14,27.83420181274414
2020-01-15,28.389223098754893
2020-01-16,28.32447052001953
2020-01-17,28.34297180175781
2020-01-21,28.250471115112305
2020-01-22,28.15796661376953
2020-01-23,28.55573081970215
2020-01-24,28.416973114013672
2020-01-27,28.23196792602539
2020-01-28,28.53722953796387
2020-01-29,28.6204833984375
2020-01-30,28.54647827148437
2020-01-31,28.15796661376953
2020-02-03,28.37071990966797
2020-02-04,28.685232162475582
2020-02-05,28.91649055480957
2020-02-06,28.81473731994629
2020-02-07,28.76848793029785
2020-02-10,28.98124122619629
2020-02-11,29.129247665405277
2020-02-12,29.3697566986084
2020-02-13,29.619516372680664
2020-02-14,29.13850212097168
2020-02-18,28.86099052429199
2020-02-19,28.574228286743164
2020-02-20,28.86099052429199
2020-02-21,28.81473731994629
2020-02-24,28.500226974487305
2020-02-25,27.69544982910156
2020-02-26,27.427188873291016
2020-02-27,26.058143615722656
2020-02-28,24.837100982666016
2020-03-02,25.50312423706055
2020-03-03,25.373619079589844
2020-03-04,26.97392463684082
2020-03-05,26.326400756835927
2020-03-06,25.873136520385746
2020-03-09,24.16183090209961
2020-03-10,25.35511779785156
2020-03-11,23.893569946289062
2020-03-12,22.22851181030273
2020-03-13,24.61509323120117
2020-03-16,21.24700927734375
2020-03-17,23.36141586303711
2020-03-18,21.041179656982425
2020-03-19,21.60252952575684
2020-03-20,20.44240951538086
2020-03-23,19.16066551208496
2020-03-24,19.656524658203125
2020-03-25,19.778148651123047
2020-03-26,22.24808120727539
2020-03-27,21.387346267700195
2020-03-30,21.85513687133789
2020-03-31,22.3322811126709
2020-04-01,20.25529289245605
2020-04-02,20.06818008422852
2020-04-03,19.151309967041016
2020-04-06,20.82599639892578
2020-04-07,21.537038803100582
2020-04-08,22.35099220275879
2020-04-09,23.10881233215332
2020-04-13,22.743934631347656
2020-04-14,23.071388244628903
2020-04-15,22.322925567626957
2020-04-16,21.16280746459961
2020-04-17,21.43412399291992
2020-04-20,20.732440948486328
2020-04-21,19.927839279174805
2020-04-22,20.11495780944824
2020-04-23,20.07753562927246
2020-04-24,20.36756706237793
2020-04-27,21.00375747680664
2020-04-28,21.658662796020508
2020-04-29,22.57553100585937
2020-04-30,21.81771278381348
2020-05-01,20.89148712158203
2020-05-04,20.021398544311523
2020-05-05,20.11495780944824
2020-05-06,19.665882110595703
2020-05-07,20.152381896972656
2020-05-08,20.70437240600586
2020-05-11,20.152381896972656
2020-05-12,18.76772117614746
2020-05-13,17.813432693481445
2020-05-14,17.841501235961914
2020-05-15,17.635671615600586
2020-05-18,19.31035804748535
2020-05-19,18.66481208801269
2020-05-20,19.3477840423584
2020-05-21,19.254222869873047
2020-05-22,19.31035804748535
2020-05-26,20.72308349609375
2020-05-27,21.20022773742676
2020-05-28,20.910200119018555
2020-05-29,20.51725578308105
2020-06-01,20.55467987060547
2020-06-02,20.797929763793945
2020-06-03,22.107742309570312
2020-06-04,22.182586669921875
2020-06-05,23.174301147460927
2020-06-08,23.81985092163086
2020-06-09,23.866628646850582
2020-06-10,22.5661735534668
2020-06-11,20.919557571411133
2020-06-12,21.59317207336425
2020-06-15,21.537038803100582
2020-06-16,22.17323112487793
2020-06-17,21.761579513549805
2020-06-18,21.4434814453125
2020-06-19,20.580810546875
2020-06-22,20.95052719116211
2020-06-23,20.95052719116211
2020-06-24,20.25849723815918
2020-06-25,20.779890060424805
2020-06-26,20.65665054321289
2020-06-29,21.130645751953125
2020-06-30,21.04532623291016
2020-07-01,21.348682403564453
2020-07-02,22.097591400146484
2020-07-06,21.55723762512207
2020-07-07,20.87468719482422
2020-07-08,20.751447677612305
2020-07-09,20.25849723815918
2020-07-10,20.92208671569824
2020-07-13,21.08324241638184
2020-07-14,21.168561935424805
2020-07-15,21.09272575378418
2020-07-16,20.628210067749023
2020-07-17,20.893648147583008
2020-07-20,20.476531982421875
2020-07-21,20.846248626708984
2020-07-22,20.95052719116211
2020-07-23,20.884166717529297
2020-07-24,20.230056762695312
2020-07-27,20.29641532897949
2020-07-28,20.74197006225586
2020-07-29,21.320240020751957
2020-07-30,21.197004318237305
2020-07-31,21.197004318237305
2020-08-03,21.04532623291016
2020-08-04,21.623598098754886
2020-08-05,21.87007522583008
2020-08-06,21.898513793945312
2020-08-07,21.96487236022949
2020-08-10,22.2208309173584
2020-08-11,22.315629959106445
2020-08-12,22.211349487304688
2020-08-13,21.58567810058593
2020-08-14,21.36764144897461
2020-08-17,21.576196670532227
2020-08-18,21.40555953979492
2020-08-19,21.26336097717285
2020-08-20,21.17804527282715
2020-08-21,21.168561935424805
2020-08-24,21.38660049438477
2020-08-25,21.396080017089844
2020-08-26,21.28232192993164
2020-08-27,21.538278579711918
2020-08-28,21.3012809753418
2020-08-31,20.79884910583496
2020-09-01,20.51445198059082
2020-09-02,20.723011016845703
2020-09-03,20.87468719482422
2020-09-04,20.80832862854004
2020-09-08,20.38173484802246
2020-09-09,19.98357963562012
2020-09-10,19.48114585876465
2020-09-11,19.026111602783203
2020-09-14,19.6328239440918
2020-09-15,19.907739639282227
2020-09-16,20.267972946166992
2020-09-17,20.239538192749023
2020-09-18,19.508798599243164
2020-09-21,18.633832931518555
2020-09-22,18.854978561401367
2020-09-23,18.47037696838379
2020-09-24,18.58575820922852
2020-09-25,18.74921226501465
2020-09-28,19.624176025390625
2020-09-29,19.33572769165039
2020-09-30,19.354955673217773
2020-10-01,19.87416648864746
2020-10-02,20.27799415588379
2020-10-05,20.29722595214844
2020-10-06,20.393373489379886
2020-10-07,20.201074600219727
2020-10-08,20.46068000793457
2020-10-09,20.489524841308597
2020-10-12,20.566444396972656
2020-10-13,19.701095581054688
2020-10-14,19.268423080444336
2020-10-15,19.28765106201172
2020-10-16,18.864595413208008
2020-10-19,18.181928634643555
2020-10-20,18.326152801513672
2020-10-21,18.19154357910156
2020-10-22,18.230003356933597
2020-10-23,18.508838653564453
2020-10-26,18.06654930114746
2020-10-27,17.374271392822266
2020-10-28,16.624303817749027
2020-10-29,16.874290466308597
2020-10-30,16.80698585510254
2020-11-02,17.499265670776367
2020-11-03,18.43191909790039
2020-11-04,17.85502052307129
2020-11-05,17.864633560180664
2020-11-06,17.105052947998047
2020-11-09,19.537641525268555
2020-11-10,20.72028541564941
2020-11-11,20.489524841308597
2020-11-12,20.22030639648437
2020-11-13,21.7298583984375
2020-11-16,22.45098114013672
2020-11-17,22.84519386291504
2020-11-18,22.585590362548828
2020-11-19,22.729814529418945
2020-11-20,23.10480117797852
2020-11-23,23.3740177154541
2020-11-24,23.681697845458984
2020-11-25,23.44132232666016
2020-11-27,23.10480117797852
2020-11-30,22.316370010375977
2020-12-01,22.48943901062012
2020-12-02,22.52790260314941
2020-12-03,22.57597541809082
2020-12-04,22.84519386291504
2020-12-07,22.479825973510746
2020-12-08,22.42213630676269
2020-12-09,22.364444732666016
2020-12-10,22.239450454711918
2020-12-11,22.11445617675781
2020-12-14,22.287527084350582
2020-12-15,22.883655548095703
2020-12-16,22.59520530700684
2020-12-17,22.50867080688477
2020-12-18,20.99911880493164
2020-12-21,21.03757667541504
2020-12-22,20.969337463378903
2020-12-23,20.83285903930664
2020-12-24,21.00833320617676
2020-12-28,21.39827919006348
2020-12-29,20.959590911865234
2020-12-30,20.98883438110352
2020-12-31,21.086320877075195
2021-01-04,20.735370635986328
2021-01-05,20.68662643432617
2021-01-06,21.27154541015625
2021-01-07,20.51115226745605
2021-01-08,20.5988883972168
2021-01-11,20.55989456176757
2021-01-12,20.930343627929688
2021-01-13,21.3105411529541
2021-01-14,22.070934295654297
2021-01-15,22.20741844177246
2021-01-19,22.36339569091797
2021-01-20,22.53887176513672
2021-01-21,21.68098831176757
2021-01-22,21.91495704650879
2021-01-25,22.100181579589844
2021-01-26,22.022192001342773
2021-01-27,21.554256439208984
2021-01-28,21.602998733520508
2021-01-29,21.38853073120117
2021-02-01,21.62249755859375
2021-02-02,21.56400680541992
2021-02-03,21.544509887695312
2021-02-04,21.72973251342773
2021-02-05,21.9344539642334
2021-02-08,22.47062873840332
2021-02-09,22.480377197265625
2021-02-10,22.860576629638672
2021-02-11,22.938566207885746
2021-02-12,22.65585327148437
2021-02-16,22.451133728027344
2021-02-17,21.992944717407227
2021-02-18,21.602998733520508
2021-02-19,21.70048713684082
2021-02-22,22.373144149780277
2021-02-23,22.841079711914062
2021-02-24,22.9190673828125
2021-02-25,22.53887176513672
2021-02-26,21.95395278930664
2021-03-01,22.31464958190918
2021-03-02,22.402389526367188
2021-03-03,22.81183242797852
2021-03-04,22.60711097717285
2021-03-05,22.76309013366699
2021-03-08,23.591724395751957
2021-03-09,23.123788833618164
2021-03-10,23.34800910949707
2021-03-11,23.33825874328613
2021-03-12,24.059659957885746
2021-03-15,24.19614028930664
2021-03-16,23.893930435180664
2021-03-17,23.94267463684082
2021-03-18,23.81594467163086
2021-03-19,23.055965423583984
2021-03-22,22.83882713317871
2021-03-23,22.631561279296875
2021-03-24,22.6118221282959
2021-03-25,22.522993087768555
2021-03-26,22.92765617370605
2021-03-29,22.4835147857666
2021-03-30,22.6118221282959
2021-03-31,21.81236457824707
2021-04-01,22.898048400878903
2021-04-05,22.6118221282959
2021-04-06,22.79934883117676
2021-04-07,22.59208106994629
2021-04-08,22.51312255859375
2021-04-09,22.266376495361328
2021-04-12,22.305856704711918
2021-04-13,22.43416404724121
2021-04-14,22.582210540771484
2021-04-15,22.60195159912109
2021-04-16,22.730260848999023
2021-04-19,22.651302337646484
2021-04-20,22.54273223876953
2021-04-21,22.79934883117676
2021-04-22,22.582210540771484
2021-04-23,22.53286361694336
2021-04-26,22.71051979064941
2021-04-27,22.730260848999023
2021-04-28,22.86843681335449
2021-04-29,22.552602767944336
2021-04-30,22.91778564453125
2021-05-03,22.898048400878903
2021-05-04,23.03622436523437
2021-05-05,22.70064926147461
2021-05-06,23.19414329528809
2021-05-07,23.40140914916992
2021-05-10,23.105314254760746
2021-05-11,22.572343826293945
2021-05-12,22.128198623657227
2021-05-13,22.424293518066406
2021-05-14,22.51312255859375
2021-05-17,22.4835147857666
2021-05-18,22.651302337646484
2021-05-19,22.51312255859375
2021-05-20,22.661169052124023
2021-05-21,22.81908988952637
2021-05-24,23.006614685058597
2021-05-25,22.92765617370605
2021-05-26,23.253360748291016
2021-05-27,23.273101806640625
2021-05-28,23.34218978881836
2021-06-01,24.102169036865234
2021-06-02,24.39826393127441
2021-06-03,24.44761276245117
2021-06-04,24.161386489868164
2021-06-07,25.53329658508301
2021-06-08,26.253795623779297
2021-06-09,26.59924125671387
2021-06-10,26.15509605407715
2021-06-11,26.50054168701172
2021-06-14,26.480802536010746
2021-06-15,24.76344871520996
2021-06-16,23.58893585205078
2021-06-17,23.213882446289062
2021-06-18,22.54273223876953
2021-06-21,22.74999809265137
2021-06-22,22.559999465942383
2021-06-23,22.920000076293945
2021-06-24,23.20000076293945
2021-06-25,23.6200008392334
2021-06-28,23.040000915527344
2021-06-29,22.78000068664551
2021-06-30,23.0
2021-07-01,23.35000038146973
2021-07-02,23.31999969482422
2021-07-06,23.57999992370605
2021-07-07,23.770000457763672
2021-07-08,23.739999771118164
2021-07-09,24.420000076293945
2021-07-12,24.690000534057607
2021-07-13,24.40999984741211
2021-07-14,24.59000015258789
2021-07-15,24.739999771118164
2021-07-16,24.649999618530277
2021-07-19,23.84000015258789
2021-07-20,24.76000022888184
2021-07-21,24.979999542236328
2021-07-22,24.45000076293945
2021-07-23,24.63999938964844
2021-07-26,24.729999542236328
2021-07-27,24.670000076293945
2021-07-28,24.43000030517578
2021-07-29,24.690000534057607
2021-07-30,24.290000915527344
2021-08-02,24.0
2021-08-03,23.57999992370605
2021-08-04,23.3799991607666
2021-08-05,23.63999938964844
2021-08-06,24.0
2021-08-09,23.489999771118164
2021-08-10,23.68000030517578
2021-08-11,24.149999618530277
2021-08-12,24.270000457763672
2021-08-13,24.57999992370605
2021-08-16,24.54999923706055
2021-08-17,24.3799991607666
2021-08-18,24.229999542236328
2021-08-19,24.309999465942383
